run_id,scenario,label,timestamp,Q_PITCH,Q_PITCH_RATE,Q_VEL,R,KP_V,KI_V,rms_pitch_deg,max_pitch_deg,wheel_travel_m,wheel_liftoff_s,vel_track_rms_ms,settle_time_s,survived_s,fitness_balance,fitness_disturbance,fitness_drive_slow,fitness_drive_med,fitness_obstacle,fitness,status,fail_reason
1,combined_PI,evo_seed,2026-03-18 13:45:52,,,,,0.502932,0.012678,,,,,,,12.0,,,,,,1.06,PASS,
5,combined_PI,evo_g000000_c3,2026-03-18 13:45:55,,,,,0.246906,0.01,,,,,,,12.0,,,,,,1.1206,PASS,
4,combined_PI,evo_g000000_c2,2026-03-18 13:45:55,,,,,0.168118,0.020422,,,,,,,12.0,,,,,,1.1518,PASS,
6,combined_PI,evo_g000000_c4,2026-03-18 13:45:56,,,,,0.243248,0.02769,,,,,,,12.0,,,,,,1.0924,PASS,
3,combined_PI,evo_g000000_c1,2026-03-18 13:45:56,,,,,0.575168,0.023783,,,,,,,12.0,,,,,,1.0649,PASS,
2,combined_PI,evo_g000000_c0,2026-03-18 13:45:56,,,,,0.126469,0.059231,,,,,,,12.0,,,,,,1.1421,PASS,
7,combined_PI,evo_g000000_c5,2026-03-18 13:45:56,,,,,1.318079,0.020042,,,,,,,12.0,,,,,,1.5056,PASS,
8,combined_PI,evo_g000000_c6,2026-03-18 13:45:56,,,,,1.647085,0.026604,,,,,,,12.0,,,,,,1.5238,PASS,
9,combined_PI,evo_g000000_c7,2026-03-18 13:45:56,,,,,0.291008,0.01,,,,,,,12.0,,,,,,1.0992,PASS,
12,combined_PI,evo_g000001_c2,2026-03-18 13:45:58,,,,,2.063176,0.04574,,,,,,,12.0,,,,,,1.5427,PASS,
16,combined_PI,evo_g000001_c6,2026-03-18 13:45:58,,,,,0.561264,0.01,,,,,,,12.0,,,,,,1.0621,PASS,
15,combined_PI,evo_g000001_c5,2026-03-18 13:45:58,,,,,1.054493,0.028872,,,,,,,12.0,,,,,,1.4049,PASS,
13,combined_PI,evo_g000001_c3,2026-03-18 13:45:58,,,,,0.105831,0.01,,,,,,,12.0,,,,,,1.3874,PASS,
17,combined_PI,evo_g000001_c7,2026-03-18 13:45:58,,,,,4.510361,0.01,,,,,,,12.0,,,,,,1.5399,PASS,
11,combined_PI,evo_g000001_c1,2026-03-18 13:45:58,,,,,0.026511,0.010603,,,,,,,12.0,,,,,,2.1874,PASS,
14,combined_PI,evo_g000001_c4,2026-03-18 13:45:58,,,,,0.313868,0.01,,,,,,,12.0,,,,,,1.0912,PASS,
10,combined_PI,evo_g000001_c0,2026-03-18 13:45:58,,,,,0.278415,0.01,,,,,,,12.0,,,,,,1.1042,PASS,
25,combined_PI,evo_g000002_c7,2026-03-18 13:46:00,,,,,0.242557,0.020175,,,,,,,12.0,,,,,,1.1017,PASS,
18,combined_PI,evo_g000002_c0,2026-03-18 13:46:00,,,,,0.525321,0.010289,,,,,,,12.0,,,,,,1.0613,PASS,
23,combined_PI,evo_g000002_c5,2026-03-18 13:46:00,,,,,0.103357,0.01,,,,,,,12.0,,,,,,1.3997,PASS,
20,combined_PI,evo_g000002_c2,2026-03-18 13:46:00,,,,,0.249015,0.027629,,,,,,,12.0,,,,,,1.0914,PASS,
24,combined_PI,evo_g000002_c6,2026-03-18 13:46:00,,,,,0.445365,0.023997,,,,,,,12.0,,,,,,1.0604,PASS,
22,combined_PI,evo_g000002_c4,2026-03-18 13:46:00,,,,,0.896696,0.021297,,,,,,,12.0,,,,,,1.2641,PASS,
19,combined_PI,evo_g000002_c1,2026-03-18 13:46:00,,,,,0.598281,0.01,,,,,,,12.0,,,,,,1.0658,PASS,
21,combined_PI,evo_g000002_c3,2026-03-18 13:46:00,,,,,3.191031,0.050328,,,,,,,12.0,,,,,,1.4936,PASS,
29,combined_PI,evo_g000003_c3,2026-03-18 13:46:02,,,,,0.331581,0.225373,,,,,,,12.0,,,,,,1.1669,PASS,
31,combined_PI,evo_g000003_c5,2026-03-18 13:46:02,,,,,1.476035,0.01,,,,,,,12.0,,,,,,1.5196,PASS,
33,combined_PI,evo_g000003_c7,2026-03-18 13:46:02,,,,,0.073821,0.01,,,,,,,12.0,,,,,,1.584,PASS,
26,combined_PI,evo_g000003_c0,2026-03-18 13:46:02,,,,,0.331566,0.01,,,,,,,12.0,,,,,,1.0862,PASS,
27,combined_PI,evo_g000003_c1,2026-03-18 13:46:02,,,,,0.98885,0.083105,,,,,,,12.0,,,,,,1.385,PASS,
28,combined_PI,evo_g000003_c2,2026-03-18 13:46:02,,,,,0.176411,0.028868,,,,,,,12.0,,,,,,1.12,PASS,
30,combined_PI,evo_g000003_c4,2026-03-18 13:46:02,,,,,0.758936,0.052024,,,,,,,12.0,,,,,,1.2829,PASS,
32,combined_PI,evo_g000003_c6,2026-03-18 13:46:03,,,,,0.092159,0.017099,,,,,,,12.0,,,,,,1.3708,PASS,
41,combined_PI,evo_g000004_c7,2026-03-18 13:46:05,,,,,0.407359,0.01,,,,,,,12.0,,,,,,1.0692,PASS,
36,combined_PI,evo_g000004_c2,2026-03-18 13:46:05,,,,,0.24322,0.01,,,,,,,12.0,,,,,,1.1234,PASS,
38,combined_PI,evo_g000004_c4,2026-03-18 13:46:05,,,,,0.314524,0.01,,,,,,,12.0,,,,,,1.091,PASS,
37,combined_PI,evo_g000004_c3,2026-03-18 13:46:05,,,,,0.053982,0.030075,,,,,,,12.0,,,,,,1.4007,PASS,
35,combined_PI,evo_g000004_c1,2026-03-18 13:46:05,,,,,0.753882,0.01,,,,,,,12.0,,,,,,1.2654,PASS,
40,combined_PI,evo_g000004_c6,2026-03-18 13:46:05,,,,,0.112696,0.01,,,,,,,12.0,,,,,,1.358,PASS,
34,combined_PI,evo_g000004_c0,2026-03-18 13:46:05,,,,,1.860534,0.045313,,,,,,,12.0,,,,,,1.5472,PASS,
39,combined_PI,evo_g000004_c5,2026-03-18 13:46:05,,,,,0.056432,0.06129,,,,,,,12.0,,,,,,1.2594,PASS,
47,combined_PI,evo_g000005_c5,2026-03-18 13:46:08,,,,,2.763741,0.056088,,,,,,,12.0,,,,,,1.4723,PASS,
42,combined_PI,evo_g000005_c0,2026-03-18 13:46:08,,,,,0.71398,0.01,,,,,,,12.0,,,,,,1.1876,PASS,
44,combined_PI,evo_g000005_c2,2026-03-18 13:46:08,,,,,1.578275,0.018205,,,,,,,12.0,,,,,,1.3588,PASS,
48,combined_PI,evo_g000005_c6,2026-03-18 13:46:08,,,,,0.141746,0.01,,,,,,,12.0,,,,,,1.258,PASS,
49,combined_PI,evo_g000005_c7,2026-03-18 13:46:08,,,,,0.5238,0.016831,,,,,,,12.0,,,,,,1.0591,PASS,
43,combined_PI,evo_g000005_c1,2026-03-18 13:46:08,,,,,0.23899,0.016025,,,,,,,12.0,,,,,,1.1114,PASS,
45,combined_PI,evo_g000005_c3,2026-03-18 13:46:08,,,,,0.850083,0.032287,,,,,,,12.0,,,,,,1.3401,PASS,
46,combined_PI,evo_g000005_c4,2026-03-18 13:46:08,,,,,0.439423,0.01,,,,,,,12.0,,,,,,1.0648,PASS,
56,combined_PI,evo_g000006_c6,2026-03-18 13:46:10,,,,,0.485236,0.01,,,,,,,12.0,,,,,,1.0624,PASS,
54,combined_PI,evo_g000006_c4,2026-03-18 13:46:10,,,,,0.673614,0.025014,,,,,,,12.0,,,,,,1.1728,PASS,
52,combined_PI,evo_g000006_c2,2026-03-18 13:46:10,,,,,1.158812,0.084538,,,,,,,12.0,,,,,,1.3757,PASS,
55,combined_PI,evo_g000006_c5,2026-03-18 13:46:10,,,,,3.341327,0.011252,,,,,,,12.0,,,,,,1.4867,PASS,
57,combined_PI,evo_g000006_c7,2026-03-18 13:46:10,,,,,0.056666,0.01,,,,,,,12.0,,,,,,1.7452,PASS,
51,combined_PI,evo_g000006_c1,2026-03-18 13:46:11,,,,,1.604224,0.07889,,,,,,,12.0,,,,,,1.5211,PASS,
50,combined_PI,evo_g000006_c0,2026-03-18 13:46:11,,,,,0.309527,0.031979,,,,,,,12.0,,,,,,1.0748,PASS,
53,combined_PI,evo_g000006_c3,2026-03-18 13:46:11,,,,,1.158894,0.017127,,,,,,,12.0,,,,,,1.3977,PASS,
62,combined_PI,evo_g000007_c4,2026-03-18 13:46:13,,,,,0.14859,0.062857,,,,,,,12.0,,,,,,1.1271,PASS,
61,combined_PI,evo_g000007_c3,2026-03-18 13:46:13,,,,,3.122391,0.01,,,,,,,12.0,,,,,,1.4802,PASS,
60,combined_PI,evo_g000007_c2,2026-03-18 13:46:13,,,,,1.171479,0.030101,,,,,,,12.0,,,,,,1.3881,PASS,
63,combined_PI,evo_g000007_c5,2026-03-18 13:46:13,,,,,0.485523,0.01,,,,,,,12.0,,,,,,1.0622,PASS,
58,combined_PI,evo_g000007_c0,2026-03-18 13:46:13,,,,,1.865875,0.01,,,,,,,12.0,,,,,,1.5689,PASS,
59,combined_PI,evo_g000007_c1,2026-03-18 13:46:13,,,,,0.150375,0.022611,,,,,,,12.0,,,,,,1.1647,PASS,
64,combined_PI,evo_g000007_c6,2026-03-18 13:46:13,,,,,0.8703,0.111298,,,,,,,12.0,,,,,,1.3821,PASS,
65,combined_PI,evo_g000007_c7,2026-03-18 13:46:13,,,,,0.46235,0.01,,,,,,,12.0,,,,,,1.0632,PASS,
67,combined_PI,evo_g000008_c1,2026-03-18 13:46:15,,,,,1.702425,0.027504,,,,,,,12.0,,,,,,1.531,PASS,
72,combined_PI,evo_g000008_c6,2026-03-18 13:46:15,,,,,1.016183,0.039428,,,,,,,12.0,,,,,,1.3997,PASS,
70,combined_PI,evo_g000008_c4,2026-03-18 13:46:16,,,,,1.244562,0.013419,,,,,,,12.0,,,,,,1.401,PASS,
71,combined_PI,evo_g000008_c5,2026-03-18 13:46:16,,,,,3.462258,0.061933,,,,,,,12.0,,,,,,1.5154,PASS,
66,combined_PI,evo_g000008_c0,2026-03-18 13:46:16,,,,,0.016077,0.010866,,,,,,,12.0,,,,,,2.425,PASS,
69,combined_PI,evo_g000008_c3,2026-03-18 13:46:16,,,,,0.760282,0.038922,,,,,,,12.0,,,,,,1.285,PASS,
73,combined_PI,evo_g000008_c7,2026-03-18 13:46:16,,,,,1.011554,0.011923,,,,,,,12.0,,,,,,1.3806,PASS,
68,combined_PI,evo_g000008_c2,2026-03-18 13:46:16,,,,,5.0,0.01,,,,,,,12.0,,,,,,1.5584,PASS,
79,combined_PI,evo_g000009_c5,2026-03-18 13:46:18,,,,,0.411335,0.061332,,,,,,,12.0,,,,,,1.0642,PASS,
78,combined_PI,evo_g000009_c4,2026-03-18 13:46:18,,,,,3.458488,0.01,,,,,,,12.0,,,,,,1.4958,PASS,
75,combined_PI,evo_g000009_c1,2026-03-18 13:46:18,,,,,0.919835,0.032762,,,,,,,12.0,,,,,,1.2772,PASS,
76,combined_PI,evo_g000009_c2,2026-03-18 13:46:18,,,,,0.048137,0.066433,,,,,,,12.0,,,,,,1.2872,PASS,
81,combined_PI,evo_g000009_c7,2026-03-18 13:46:18,,,,,0.8018,0.021896,,,,,,,12.0,,,,,,1.2508,PASS,
77,combined_PI,evo_g000009_c3,2026-03-18 13:46:18,,,,,0.433906,0.043541,,,,,,,12.0,,,,,,1.0586,PASS,
74,combined_PI,evo_g000009_c0,2026-03-18 13:46:18,,,,,0.706554,0.019249,,,,,,,12.0,,,,,,1.1814,PASS,
80,combined_PI,evo_g000009_c6,2026-03-18 13:46:18,,,,,2.405575,0.021466,,,,,,,12.0,,,,,,1.3778,PASS,
84,combined_PI,evo_g000010_c2,2026-03-18 13:46:20,,,,,0.45916,0.016775,,,,,,,12.0,,,,,,1.0604,PASS,
86,combined_PI,evo_g000010_c4,2026-03-18 13:46:20,,,,,0.161421,0.138068,,,,,,,12.0,,,,,,1.2089,PASS,
87,combined_PI,evo_g000010_c5,2026-03-18 13:46:21,,,,,0.075848,0.260491,,,,,,,12.0,,,,,,1.6629,PASS,
85,combined_PI,evo_g000010_c3,2026-03-18 13:46:21,,,,,0.215607,0.011697,,,,,,,12.0,,,,,,1.1384,PASS,
82,combined_PI,evo_g000010_c0,2026-03-18 13:46:21,,,,,0.436469,0.066266,,,,,,,12.0,,,,,,1.0626,PASS,
89,combined_PI,evo_g000010_c7,2026-03-18 13:46:21,,,,,0.481326,0.05398,,,,,,,12.0,,,,,,1.0587,PASS,
83,combined_PI,evo_g000010_c1,2026-03-18 13:46:21,,,,,0.536217,0.014061,,,,,,,12.0,,,,,,1.0602,PASS,
88,combined_PI,evo_g000010_c6,2026-03-18 13:46:21,,,,,0.587475,0.016632,,,,,,,12.0,,,,,,1.0692,PASS,
90,combined_PI,evo_g000011_c0,2026-03-18 13:46:23,,,,,1.1611,0.025939,,,,,,,12.0,,,,,,1.3941,PASS,
92,combined_PI,evo_g000011_c2,2026-03-18 13:46:23,,,,,0.498063,0.059503,,,,,,,12.0,,,,,,1.0595,PASS,
93,combined_PI,evo_g000011_c3,2026-03-18 13:46:23,,,,,0.380571,0.053917,,,,,,,12.0,,,,,,1.0646,PASS,
94,combined_PI,evo_g000011_c4,2026-03-18 13:46:23,,,,,0.244768,0.020473,,,,,,,12.0,,,,,,1.101,PASS,
96,combined_PI,evo_g000011_c6,2026-03-18 13:46:23,,,,,0.352496,0.026832,,,,,,,12.0,,,,,,1.0693,PASS,
97,combined_PI,evo_g000011_c7,2026-03-18 13:46:23,,,,,0.230289,0.169516,,,,,,,12.0,,,,,,1.1848,PASS,
95,combined_PI,evo_g000011_c5,2026-03-18 13:46:23,,,,,0.531904,0.019021,,,,,,,12.0,,,,,,1.0592,PASS,
91,combined_PI,evo_g000011_c1,2026-03-18 13:46:23,,,,,0.170901,0.027971,,,,,,,12.0,,,,,,1.1258,PASS,
105,combined_PI,evo_g000012_c7,2026-03-18 13:46:26,,,,,0.258567,0.038557,,,,,,,12.0,,,,,,1.0826,PASS,
100,combined_PI,evo_g000012_c2,2026-03-18 13:46:26,,,,,0.272729,0.034767,,,,,,,12.0,,,,,,1.0809,PASS,
99,combined_PI,evo_g000012_c1,2026-03-18 13:46:26,,,,,0.603939,0.045183,,,,,,,12.0,,,,,,1.0656,PASS,
103,combined_PI,evo_g000012_c5,2026-03-18 13:46:26,,,,,0.234622,0.112809,,,,,,,12.0,,,,,,1.126,PASS,
104,combined_PI,evo_g000012_c6,2026-03-18 13:46:26,,,,,0.739362,0.054037,,,,,,,12.0,,,,,,1.2678,PASS,
98,combined_PI,evo_g000012_c0,2026-03-18 13:46:26,,,,,0.299927,0.055626,,,,,,,12.0,,,,,,1.0736,PASS,
102,combined_PI,evo_g000012_c4,2026-03-18 13:46:26,,,,,1.328691,0.038453,,,,,,,12.0,,,,,,1.5061,PASS,
101,combined_PI,evo_g000012_c3,2026-03-18 13:46:26,,,,,0.446087,0.045157,,,,,,,12.0,,,,,,1.0586,PASS,
108,combined_PI,evo_g000013_c2,2026-03-18 13:46:28,,,,,0.273166,0.026696,,,,,,,12.0,,,,,,1.085,PASS,
109,combined_PI,evo_g000013_c3,2026-03-18 13:46:28,,,,,0.433189,0.030022,,,,,,,12.0,,,,,,1.0599,PASS,
111,combined_PI,evo_g000013_c5,2026-03-18 13:46:28,,,,,0.512343,0.029165,,,,,,,12.0,,,,,,1.0581,PASS,
110,combined_PI,evo_g000013_c4,2026-03-18 13:46:28,,,,,0.185926,0.124123,,,,,,,12.0,,,,,,1.1669,PASS,
106,combined_PI,evo_g000013_c0,2026-03-18 13:46:28,,,,,0.80384,0.081811,,,,,,,12.0,,,,,,1.2996,PASS,
107,combined_PI,evo_g000013_c1,2026-03-18 13:46:28,,,,,0.347538,0.040825,,,,,,,12.0,,,,,,1.0666,PASS,
113,combined_PI,evo_g000013_c7,2026-03-18 13:46:28,,,,,0.646299,0.052772,,,,,,,12.0,,,,,,1.1336,PASS,
112,combined_PI,evo_g000013_c6,2026-03-18 13:46:28,,,,,0.472614,0.0415,,,,,,,12.0,,,,,,1.0581,PASS,
118,combined_PI,evo_g000014_c4,2026-03-18 13:46:31,,,,,0.369721,0.027074,,,,,,,12.0,,,,,,1.0679,PASS,
117,combined_PI,evo_g000014_c3,2026-03-18 13:46:31,,,,,0.482591,0.019976,,,,,,,12.0,,,,,,1.059,PASS,
115,combined_PI,evo_g000014_c1,2026-03-18 13:46:31,,,,,0.509804,0.01,,,,,,,12.0,,,,,,1.0602,PASS,
120,combined_PI,evo_g000014_c6,2026-03-18 13:46:31,,,,,0.773029,0.036061,,,,,,,12.0,,,,,,1.2866,PASS,
119,combined_PI,evo_g000014_c5,2026-03-18 13:46:31,,,,,0.914069,0.032436,,,,,,,12.0,,,,,,1.2737,PASS,
114,combined_PI,evo_g000014_c0,2026-03-18 13:46:31,,,,,0.33658,0.017527,,,,,,,12.0,,,,,,1.0778,PASS,
116,combined_PI,evo_g000014_c2,2026-03-18 13:46:31,,,,,0.59022,0.079108,,,,,,,12.0,,,,,,1.0736,PASS,
121,combined_PI,evo_g000014_c7,2026-03-18 13:46:31,,,,,0.629996,0.016397,,,,,,,12.0,,,,,,1.1335,PASS,
127,combined_PI,evo_g000015_c5,2026-03-18 13:46:34,,,,,2.023398,0.021834,,,,,,,12.0,,,,,,1.5608,PASS,
123,combined_PI,evo_g000015_c1,2026-03-18 13:46:34,,,,,0.420174,0.039149,,,,,,,12.0,,,,,,1.0603,PASS,
122,combined_PI,evo_g000015_c0,2026-03-18 13:46:34,,,,,0.366553,0.018347,,,,,,,12.0,,,,,,1.0714,PASS,
125,combined_PI,evo_g000015_c3,2026-03-18 13:46:34,,,,,0.668729,0.023878,,,,,,,12.0,,,,,,1.173,PASS,
128,combined_PI,evo_g000015_c6,2026-03-18 13:46:34,,,,,0.815183,0.011394,,,,,,,12.0,,,,,,1.276,PASS,
124,combined_PI,evo_g000015_c2,2026-03-18 13:46:34,,,,,0.558376,0.086763,,,,,,,12.0,,,,,,1.0692,PASS,
129,combined_PI,evo_g000015_c7,2026-03-18 13:46:34,,,,,0.830727,0.048004,,,,,,,12.0,,,,,,1.3204,PASS,
126,combined_PI,evo_g000015_c4,2026-03-18 13:46:34,,,,,1.960155,0.032792,,,,,,,12.0,,,,,,1.5572,PASS,
132,combined_PI,evo_g000016_c2,2026-03-18 13:46:36,,,,,0.514238,0.024116,,,,,,,12.0,,,,,,1.059,PASS,
131,combined_PI,evo_g000016_c1,2026-03-18 13:46:36,,,,,0.67777,0.053196,,,,,,,12.0,,,,,,1.2108,PASS,
135,combined_PI,evo_g000016_c5,2026-03-18 13:46:36,,,,,0.539365,0.02417,,,,,,,12.0,,,,,,1.0586,PASS,
136,combined_PI,evo_g000016_c6,2026-03-18 13:46:36,,,,,0.391163,0.045906,,,,,,,12.0,,,,,,1.063,PASS,
137,combined_PI,evo_g000016_c7,2026-03-18 13:46:36,,,,,1.603767,0.018255,,,,,,,12.0,,,,,,1.5158,PASS,
130,combined_PI,evo_g000016_c0,2026-03-18 13:46:36,,,,,0.204118,0.026013,,,,,,,12.0,,,,,,1.1096,PASS,
133,combined_PI,evo_g000016_c3,2026-03-18 13:46:36,,,,,0.612185,0.050257,,,,,,,12.0,,,,,,1.0704,PASS,
134,combined_PI,evo_g000016_c4,2026-03-18 13:46:36,,,,,0.640313,0.013105,,,,,,,12.0,,,,,,1.1152,PASS,
141,combined_PI,evo_g000017_c3,2026-03-18 13:46:39,,,,,0.324281,0.037912,,,,,,,12.0,,,,,,1.0701,PASS,
143,combined_PI,evo_g000017_c5,2026-03-18 13:46:39,,,,,0.439477,0.028692,,,,,,,12.0,,,,,,1.059,PASS,
139,combined_PI,evo_g000017_c1,2026-03-18 13:46:39,,,,,0.277228,0.07335,,,,,,,12.0,,,,,,1.0839,PASS,
144,combined_PI,evo_g000017_c6,2026-03-18 13:46:39,,,,,0.832043,0.060533,,,,,,,12.0,,,,,,1.3334,PASS,
138,combined_PI,evo_g000017_c0,2026-03-18 13:46:39,,,,,0.324997,0.053026,,,,,,,12.0,,,,,,1.0698,PASS,
142,combined_PI,evo_g000017_c4,2026-03-18 13:46:39,,,,,0.700721,0.042434,,,,,,,12.0,,,,,,1.2077,PASS,
140,combined_PI,evo_g000017_c2,2026-03-18 13:46:39,,,,,0.426011,0.023532,,,,,,,12.0,,,,,,1.0612,PASS,
145,combined_PI,evo_g000017_c7,2026-03-18 13:46:39,,,,,0.410574,0.023747,,,,,,,12.0,,,,,,1.0626,PASS,
150,combined_PI,evo_g000018_c4,2026-03-18 13:46:42,,,,,0.546498,0.03556,,,,,,,12.0,,,,,,1.0588,PASS,
148,combined_PI,evo_g000018_c2,2026-03-18 13:46:42,,,,,0.517174,0.032664,,,,,,,12.0,,,,,,1.0565,PASS,
152,combined_PI,evo_g000018_c6,2026-03-18 13:46:42,,,,,0.338401,0.035062,,,,,,,12.0,,,,,,1.0694,PASS,
151,combined_PI,evo_g000018_c5,2026-03-18 13:46:42,,,,,0.481631,0.073045,,,,,,,12.0,,,,,,1.063,PASS,
147,combined_PI,evo_g000018_c1,2026-03-18 13:46:42,,,,,0.877823,0.034781,,,,,,,12.0,,,,,,1.35,PASS,
146,combined_PI,evo_g000018_c0,2026-03-18 13:46:42,,,,,0.427103,0.019825,,,,,,,12.0,,,,,,1.062,PASS,
153,combined_PI,evo_g000018_c7,2026-03-18 13:46:42,,,,,0.486341,0.026769,,,,,,,12.0,,,,,,1.0577,PASS,
149,combined_PI,evo_g000018_c3,2026-03-18 13:46:42,,,,,0.416803,0.065078,,,,,,,12.0,,,,,,1.0644,PASS,
155,combined_PI,evo_g000019_c1,2026-03-18 13:46:45,,,,,0.508061,0.014972,,,,,,,12.0,,,,,,1.0591,PASS,
161,combined_PI,evo_g000019_c7,2026-03-18 13:46:45,,,,,0.445275,0.026368,,,,,,,12.0,,,,,,1.0592,PASS,
159,combined_PI,evo_g000019_c5,2026-03-18 13:46:45,,,,,0.788809,0.049066,,,,,,,12.0,,,,,,1.284,PASS,
156,combined_PI,evo_g000019_c2,2026-03-18 13:46:45,,,,,0.2032,0.035243,,,,,,,12.0,,,,,,1.098,PASS,
158,combined_PI,evo_g000019_c4,2026-03-18 13:46:45,,,,,0.620672,0.050152,,,,,,,12.0,,,,,,1.0879,PASS,
154,combined_PI,evo_g000019_c0,2026-03-18 13:46:45,,,,,0.726531,0.030856,,,,,,,12.0,,,,,,1.178,PASS,
157,combined_PI,evo_g000019_c3,2026-03-18 13:46:45,,,,,0.748612,0.077946,,,,,,,12.0,,,,,,1.2771,PASS,
160,combined_PI,evo_g000019_c6,2026-03-18 13:46:45,,,,,0.561996,0.059704,,,,,,,12.0,,,,,,1.062,PASS,
163,combined_PI,evo_g000020_c1,2026-03-18 13:46:48,,,,,1.16497,0.036046,,,,,,,12.0,,,,,,1.3833,PASS,
168,combined_PI,evo_g000020_c6,2026-03-18 13:46:48,,,,,0.493547,0.02674,,,,,,,12.0,,,,,,1.0578,PASS,
164,combined_PI,evo_g000020_c2,2026-03-18 13:46:48,,,,,0.36115,0.051876,,,,,,,12.0,,,,,,1.065,PASS,
167,combined_PI,evo_g000020_c5,2026-03-18 13:46:48,,,,,0.669886,0.048333,,,,,,,12.0,,,,,,1.1779,PASS,
162,combined_PI,evo_g000020_c0,2026-03-18 13:46:48,,,,,0.331402,0.045469,,,,,,,12.0,,,,,,1.0685,PASS,
165,combined_PI,evo_g000020_c3,2026-03-18 13:46:48,,,,,0.585697,0.025782,,,,,,,12.0,,,,,,1.0622,PASS,
169,combined_PI,evo_g000020_c7,2026-03-18 13:46:48,,,,,0.665406,0.036876,,,,,,,12.0,,,,,,1.158,PASS,
166,combined_PI,evo_g000020_c4,2026-03-18 13:46:48,,,,,0.53647,0.025877,,,,,,,12.0,,,,,,1.0594,PASS,
171,combined_PI,evo_g000021_c1,2026-03-18 13:46:50,,,,,0.420693,0.04526,,,,,,,12.0,,,,,,1.0593,PASS,
172,combined_PI,evo_g000021_c2,2026-03-18 13:46:50,,,,,0.536035,0.05139,,,,,,,12.0,,,,,,1.061,PASS,
177,combined_PI,evo_g000021_c7,2026-03-18 13:46:50,,,,,0.676793,0.029074,,,,,,,12.0,,,,,,1.2005,PASS,
174,combined_PI,evo_g000021_c4,2026-03-18 13:46:50,,,,,0.658447,0.040154,,,,,,,12.0,,,,,,1.151,PASS,
170,combined_PI,evo_g000021_c0,2026-03-18 13:46:51,,,,,0.328253,0.051118,,,,,,,12.0,,,,,,1.0692,PASS,
173,combined_PI,evo_g000021_c3,2026-03-18 13:46:51,,,,,0.358343,0.027503,,,,,,,12.0,,,,,,1.0686,PASS,
175,combined_PI,evo_g000021_c5,2026-03-18 13:46:51,,,,,0.751217,0.032189,,,,,,,12.0,,,,,,1.2801,PASS,
176,combined_PI,evo_g000021_c6,2026-03-18 13:46:51,,,,,0.678092,0.049629,,,,,,,12.0,,,,,,1.2139,PASS,
183,combined_PI,evo_g000022_c5,2026-03-18 13:46:53,,,,,0.46154,0.037282,,,,,,,12.0,,,,,,1.0583,PASS,
180,combined_PI,evo_g000022_c2,2026-03-18 13:46:53,,,,,0.304248,0.024562,,,,,,,12.0,,,,,,1.08,PASS,
185,combined_PI,evo_g000022_c7,2026-03-18 13:46:53,,,,,0.33804,0.025071,,,,,,,12.0,,,,,,1.073,PASS,
179,combined_PI,evo_g000022_c1,2026-03-18 13:46:53,,,,,0.484414,0.050399,,,,,,,12.0,,,,,,1.0588,PASS,
178,combined_PI,evo_g000022_c0,2026-03-18 13:46:54,,,,,0.717334,0.044625,,,,,,,12.0,,,,,,1.1898,PASS,
182,combined_PI,evo_g000022_c4,2026-03-18 13:46:54,,,,,0.287875,0.034265,,,,,,,12.0,,,,,,1.0779,PASS,
184,combined_PI,evo_g000022_c6,2026-03-18 13:46:54,,,,,0.444085,0.031087,,,,,,,12.0,,,,,,1.0584,PASS,
181,combined_PI,evo_g000022_c3,2026-03-18 13:46:54,,,,,0.825634,0.030319,,,,,,,12.0,,,,,,1.3086,PASS,
188,combined_PI,evo_g000023_c2,2026-03-18 13:46:56,,,,,0.267163,0.036234,,,,,,,12.0,,,,,,1.0813,PASS,
187,combined_PI,evo_g000023_c1,2026-03-18 13:46:56,,,,,0.544605,0.028567,,,,,,,12.0,,,,,,1.0586,PASS,
186,combined_PI,evo_g000023_c0,2026-03-18 13:46:56,,,,,0.435663,0.03216,,,,,,,12.0,,,,,,1.0598,PASS,
189,combined_PI,evo_g000023_c3,2026-03-18 13:46:56,,,,,0.430418,0.04344,,,,,,,12.0,,,,,,1.06,PASS,
190,combined_PI,evo_g000023_c4,2026-03-18 13:46:56,,,,,0.74763,0.042601,,,,,,,12.0,,,,,,1.2744,PASS,
192,combined_PI,evo_g000023_c6,2026-03-18 13:46:56,,,,,0.68929,0.035358,,,,,,,12.0,,,,,,1.2413,PASS,
193,combined_PI,evo_g000023_c7,2026-03-18 13:46:56,,,,,0.524174,0.028407,,,,,,,12.0,,,,,,1.058,PASS,
191,combined_PI,evo_g000023_c5,2026-03-18 13:46:56,,,,,0.437751,0.035203,,,,,,,12.0,,,,,,1.0586,PASS,
200,combined_PI,evo_g000024_c6,2026-03-18 13:46:59,,,,,0.684139,0.034197,,,,,,,12.0,,,,,,1.2326,PASS,
201,combined_PI,evo_g000024_c7,2026-03-18 13:46:59,,,,,0.473993,0.039333,,,,,,,12.0,,,,,,1.0578,PASS,
197,combined_PI,evo_g000024_c3,2026-03-18 13:46:59,,,,,0.501801,0.037246,,,,,,,12.0,,,,,,1.0574,PASS,
199,combined_PI,evo_g000024_c5,2026-03-18 13:46:59,,,,,0.659082,0.029646,,,,,,,12.0,,,,,,1.1791,PASS,
195,combined_PI,evo_g000024_c1,2026-03-18 13:46:59,,,,,0.503232,0.029233,,,,,,,12.0,,,,,,1.0563,PASS,
196,combined_PI,evo_g000024_c2,2026-03-18 13:46:59,,,,,0.50357,0.024656,,,,,,,12.0,,,,,,1.058,PASS,
198,combined_PI,evo_g000024_c4,2026-03-18 13:46:59,,,,,0.485927,0.030446,,,,,,,12.0,,,,,,1.0578,PASS,
194,combined_PI,evo_g000024_c0,2026-03-18 13:46:59,,,,,0.471595,0.044632,,,,,,,12.0,,,,,,1.058,PASS,
207,combined_PI,evo_g000025_c5,2026-03-18 13:47:02,,,,,0.530562,0.031199,,,,,,,12.0,,,,,,1.0574,PASS,
202,combined_PI,evo_g000025_c0,2026-03-18 13:47:02,,,,,0.59012,0.024844,,,,,,,12.0,,,,,,1.0634,PASS,
203,combined_PI,evo_g000025_c1,2026-03-18 13:47:02,,,,,0.51598,0.025163,,,,,,,12.0,,,,,,1.0578,PASS,
206,combined_PI,evo_g000025_c4,2026-03-18 13:47:02,,,,,0.482919,0.038075,,,,,,,12.0,,,,,,1.0585,PASS,
204,combined_PI,evo_g000025_c2,2026-03-18 13:47:02,,,,,0.41079,0.029878,,,,,,,12.0,,,,,,1.062,PASS,
208,combined_PI,evo_g000025_c6,2026-03-18 13:47:02,,,,,0.438723,0.027643,,,,,,,12.0,,,,,,1.0593,PASS,
209,combined_PI,evo_g000025_c7,2026-03-18 13:47:02,,,,,0.680137,0.028242,,,,,,,12.0,,,,,,1.2032,PASS,
205,combined_PI,evo_g000025_c3,2026-03-18 13:47:02,,,,,0.649547,0.030699,,,,,,,12.0,,,,,,1.129,PASS,
214,combined_PI,evo_g000026_c4,2026-03-18 13:47:05,,,,,0.482159,0.039631,,,,,,,12.0,,,,,,1.0581,PASS,
210,combined_PI,evo_g000026_c0,2026-03-18 13:47:05,,,,,0.651133,0.030551,,,,,,,12.0,,,,,,1.1152,PASS,
215,combined_PI,evo_g000026_c5,2026-03-18 13:47:05,,,,,0.474359,0.025723,,,,,,,12.0,,,,,,1.0583,PASS,
211,combined_PI,evo_g000026_c1,2026-03-18 13:47:05,,,,,0.46069,0.030709,,,,,,,12.0,,,,,,1.0571,PASS,
216,combined_PI,evo_g000026_c6,2026-03-18 13:47:05,,,,,0.483583,0.03379,,,,,,,12.0,,,,,,1.0576,PASS,
212,combined_PI,evo_g000026_c2,2026-03-18 13:47:05,,,,,0.494853,0.036618,,,,,,,12.0,,,,,,1.058,PASS,
213,combined_PI,evo_g000026_c3,2026-03-18 13:47:05,,,,,0.446182,0.025664,,,,,,,12.0,,,,,,1.0601,PASS,
217,combined_PI,evo_g000026_c7,2026-03-18 13:47:05,,,,,0.474117,0.025517,,,,,,,12.0,,,,,,1.058,PASS,
222,combined_PI,evo_g000027_c4,2026-03-18 13:47:08,,,,,0.448567,0.032335,,,,,,,12.0,,,,,,1.0586,PASS,
225,combined_PI,evo_g000027_c7,2026-03-18 13:47:08,,,,,0.480908,0.025576,,,,,,,12.0,,,,,,1.0577,PASS,
221,combined_PI,evo_g000027_c3,2026-03-18 13:47:08,,,,,0.461754,0.029633,,,,,,,12.0,,,,,,1.0583,PASS,
223,combined_PI,evo_g000027_c5,2026-03-18 13:47:08,,,,,0.503915,0.031503,,,,,,,12.0,,,,,,1.0574,PASS,
220,combined_PI,evo_g000027_c2,2026-03-18 13:47:08,,,,,0.521272,0.028381,,,,,,,12.0,,,,,,1.0592,PASS,
224,combined_PI,evo_g000027_c6,2026-03-18 13:47:08,,,,,0.411761,0.029651,,,,,,,12.0,,,,,,1.0621,PASS,
218,combined_PI,evo_g000027_c0,2026-03-18 13:47:08,,,,,0.522464,0.027691,,,,,,,12.0,,,,,,1.0585,PASS,
219,combined_PI,evo_g000027_c1,2026-03-18 13:47:08,,,,,0.436724,0.025729,,,,,,,12.0,,,,,,1.0611,PASS,
230,combined_PI,evo_g000028_c4,2026-03-18 13:47:10,,,,,0.472147,0.031191,,,,,,,12.0,,,,,,1.0578,PASS,
226,combined_PI,evo_g000028_c0,2026-03-18 13:47:10,,,,,0.489386,0.033267,,,,,,,12.0,,,,,,1.0576,PASS,
231,combined_PI,evo_g000028_c5,2026-03-18 13:47:10,,,,,0.583438,0.024704,,,,,,,12.0,,,,,,1.0643,PASS,
229,combined_PI,evo_g000028_c3,2026-03-18 13:47:10,,,,,0.492329,0.028682,,,,,,,12.0,,,,,,1.0585,PASS,
227,combined_PI,evo_g000028_c1,2026-03-18 13:47:10,,,,,0.568364,0.030541,,,,,,,12.0,,,,,,1.0616,PASS,
232,combined_PI,evo_g000028_c6,2026-03-18 13:47:10,,,,,0.494765,0.028887,,,,,,,12.0,,,,,,1.0572,PASS,
233,combined_PI,evo_g000028_c7,2026-03-18 13:47:10,,,,,0.467159,0.025816,,,,,,,12.0,,,,,,1.0583,PASS,
228,combined_PI,evo_g000028_c2,2026-03-18 13:47:11,,,,,0.55034,0.027727,,,,,,,12.0,,,,,,1.0588,PASS,
239,combined_PI,evo_g000029_c5,2026-03-18 13:47:13,,,,,0.464459,0.030797,,,,,,,12.0,,,,,,1.0577,PASS,
235,combined_PI,evo_g000029_c1,2026-03-18 13:47:13,,,,,0.449053,0.029285,,,,,,,12.0,,,,,,1.0588,PASS,
237,combined_PI,evo_g000029_c3,2026-03-18 13:47:13,,,,,0.545687,0.030332,,,,,,,12.0,,,,,,1.059,PASS,
240,combined_PI,evo_g000029_c6,2026-03-18 13:47:13,,,,,0.490505,0.028925,,,,,,,12.0,,,,,,1.0569,PASS,
241,combined_PI,evo_g000029_c7,2026-03-18 13:47:13,,,,,0.46705,0.027828,,,,,,,12.0,,,,,,1.058,PASS,
238,combined_PI,evo_g000029_c4,2026-03-18 13:47:13,,,,,0.468028,0.027694,,,,,,,12.0,,,,,,1.0576,PASS,
234,combined_PI,evo_g000029_c0,2026-03-18 13:47:14,,,,,0.532238,0.028263,,,,,,,12.0,,,,,,1.0582,PASS,
236,combined_PI,evo_g000029_c2,2026-03-18 13:47:14,,,,,0.507542,0.02796,,,,,,,12.0,,,,,,1.0565,PASS,
242,combined_PI,evo_g000030_c0,2026-03-18 13:47:16,,,,,0.473425,0.028929,,,,,,,12.0,,,,,,1.0588,PASS,
244,combined_PI,evo_g000030_c2,2026-03-18 13:47:16,,,,,0.494495,0.030851,,,,,,,12.0,,,,,,1.0574,PASS,
249,combined_PI,evo_g000030_c7,2026-03-18 13:47:16,,,,,0.517384,0.026204,,,,,,,12.0,,,,,,1.0583,PASS,
247,combined_PI,evo_g000030_c5,2026-03-18 13:47:16,,,,,0.551598,0.028423,,,,,,,12.0,,,,,,1.0599,PASS,
245,combined_PI,evo_g000030_c3,2026-03-18 13:47:16,,,,,0.522613,0.027648,,,,,,,12.0,,,,,,1.0572,PASS,
243,combined_PI,evo_g000030_c1,2026-03-18 13:47:16,,,,,0.482758,0.029175,,,,,,,12.0,,,,,,1.0574,PASS,
246,combined_PI,evo_g000030_c4,2026-03-18 13:47:16,,,,,0.50355,0.027618,,,,,,,12.0,,,,,,1.0574,PASS,
248,combined_PI,evo_g000030_c6,2026-03-18 13:47:16,,,,,0.57019,0.026655,,,,,,,12.0,,,,,,1.0605,PASS,
257,combined_PI,evo_g000031_c7,2026-03-18 13:47:19,,,,,0.46751,0.030619,,,,,,,12.0,,,,,,1.0565,PASS,
251,combined_PI,evo_g000031_c1,2026-03-18 13:47:19,,,,,0.471996,0.028115,,,,,,,12.0,,,,,,1.0574,PASS,
250,combined_PI,evo_g000031_c0,2026-03-18 13:47:19,,,,,0.487478,0.030246,,,,,,,12.0,,,,,,1.0572,PASS,
254,combined_PI,evo_g000031_c4,2026-03-18 13:47:19,,,,,0.517741,0.028945,,,,,,,12.0,,,,,,1.0582,PASS,
252,combined_PI,evo_g000031_c2,2026-03-18 13:47:19,,,,,0.50591,0.029252,,,,,,,12.0,,,,,,1.0582,PASS,
253,combined_PI,evo_g000031_c3,2026-03-18 13:47:19,,,,,0.502754,0.029943,,,,,,,12.0,,,,,,1.0576,PASS,
256,combined_PI,evo_g000031_c6,2026-03-18 13:47:20,,,,,0.542311,0.027833,,,,,,,12.0,,,,,,1.061,PASS,
261,combined_PI,evo_g000032_c3,2026-03-18 13:47:22,,,,,0.532412,0.026446,,,,,,,12.0,,,,,,1.0603,PASS,
264,combined_PI,evo_g000032_c6,2026-03-18 13:47:22,,,,,0.487032,0.025761,,,,,,,12.0,,,,,,1.0581,PASS,
263,combined_PI,evo_g000032_c5,2026-03-18 13:47:22,,,,,0.479298,0.027991,,,,,,,12.0,,,,,,1.0574,PASS,
265,combined_PI,evo_g000032_c7,2026-03-18 13:47:22,,,,,0.511821,0.027339,,,,,,,12.0,,,,,,1.0565,PASS,
260,combined_PI,evo_g000032_c2,2026-03-18 13:47:22,,,,,0.548963,0.026396,,,,,,,12.0,,,,,,1.0585,PASS,
259,combined_PI,evo_g000032_c1,2026-03-18 13:47:22,,,,,0.513289,0.02929,,,,,,,12.0,,,,,,1.0583,PASS,
258,combined_PI,evo_g000032_c0,2026-03-18 13:47:22,,,,,0.539627,0.02762,,,,,,,12.0,,,,,,1.0598,PASS,
262,combined_PI,evo_g000032_c4,2026-03-18 13:47:22,,,,,0.504626,0.028099,,,,,,,12.0,,,,,,1.0585,PASS,
267,combined_PI,evo_g000033_c1,2026-03-18 13:47:25,,,,,0.527946,0.027153,,,,,,,12.0,,,,,,1.0572,PASS,
272,combined_PI,evo_g000033_c6,2026-03-18 13:47:25,,,,,0.524352,0.026674,,,,,,,12.0,,,,,,1.0589,PASS,
273,combined_PI,evo_g000033_c7,2026-03-18 13:47:25,,,,,0.51357,0.027858,,,,,,,12.0,,,,,,1.0586,PASS,
270,combined_PI,evo_g000033_c4,2026-03-18 13:47:25,,,,,0.501017,0.026928,,,,,,,12.0,,,,,,1.0562,PASS,
269,combined_PI,evo_g000033_c3,2026-03-18 13:47:25,,,,,0.535313,0.028141,,,,,,,12.0,,,,,,1.0571,PASS,
268,combined_PI,evo_g000033_c2,2026-03-18 13:47:25,,,,,0.520405,0.027884,,,,,,,12.0,,,,,,1.0574,PASS,
271,combined_PI,evo_g000033_c5,2026-03-18 13:47:25,,,,,0.515897,0.02733,,,,,,,12.0,,,,,,1.0566,PASS,
266,combined_PI,evo_g000033_c0,2026-03-18 13:47:25,,,,,0.528101,0.026618,,,,,,,12.0,,,,,,1.0588,PASS,
276,combined_PI,evo_g000034_c2,2026-03-18 13:47:28,,,,,0.518971,0.027856,,,,,,,12.0,,,,,,1.0582,PASS,
274,combined_PI,evo_g000034_c0,2026-03-18 13:47:28,,,,,0.511424,0.026963,,,,,,,12.0,,,,,,1.0587,PASS,
281,combined_PI,evo_g000034_c7,2026-03-18 13:47:28,,,,,0.533417,0.027025,,,,,,,12.0,,,,,,1.0588,PASS,
279,combined_PI,evo_g000034_c5,2026-03-18 13:47:28,,,,,0.517189,0.028449,,,,,,,12.0,,,,,,1.0576,PASS,
275,combined_PI,evo_g000034_c1,2026-03-18 13:47:28,,,,,0.552476,0.027628,,,,,,,12.0,,,,,,1.0597,PASS,
280,combined_PI,evo_g000034_c6,2026-03-18 13:47:28,,,,,0.5294,0.028864,,,,,,,12.0,,,,,,1.0572,PASS,
277,combined_PI,evo_g000034_c3,2026-03-18 13:47:28,,,,,0.523062,0.027467,,,,,,,12.0,,,,,,1.0577,PASS,
278,combined_PI,evo_g000034_c4,2026-03-18 13:47:28,,,,,0.51074,0.027712,,,,,,,12.0,,,,,,1.0572,PASS,
282,combined_PI,evo_g000035_c0,2026-03-18 13:47:30,,,,,0.509898,0.028031,,,,,,,12.0,,,,,,1.0566,PASS,
283,combined_PI,evo_g000035_c1,2026-03-18 13:47:31,,,,,0.536572,0.026589,,,,,,,12.0,,,,,,1.0588,PASS,
285,combined_PI,evo_g000035_c3,2026-03-18 13:47:31,,,,,0.518858,0.027734,,,,,,,12.0,,,,,,1.0576,PASS,
288,combined_PI,evo_g000035_c6,2026-03-18 13:47:31,,,,,0.503954,0.02767,,,,,,,12.0,,,,,,1.0567,PASS,
289,combined_PI,evo_g000035_c7,2026-03-18 13:47:31,,,,,0.492974,0.026829,,,,,,,12.0,,,,,,1.0585,PASS,
286,combined_PI,evo_g000035_c4,2026-03-18 13:47:31,,,,,0.536472,0.027509,,,,,,,12.0,,,,,,1.0587,PASS,
287,combined_PI,evo_g000035_c5,2026-03-18 13:47:31,,,,,0.527471,0.02836,,,,,,,12.0,,,,,,1.0592,PASS,
284,combined_PI,evo_g000035_c2,2026-03-18 13:47:31,,,,,0.514603,0.028521,,,,,,,12.0,,,,,,1.0575,PASS,
297,combined_PI,evo_g000036_c7,2026-03-18 13:47:33,,,,,0.535029,0.027533,,,,,,,12.0,,,,,,1.0585,PASS,
291,combined_PI,evo_g000036_c1,2026-03-18 13:47:33,,,,,0.507168,0.028661,,,,,,,12.0,,,,,,1.057,PASS,
296,combined_PI,evo_g000036_c6,2026-03-18 13:47:33,,,,,0.513339,0.02673,,,,,,,12.0,,,,,,1.0574,PASS,
292,combined_PI,evo_g000036_c2,2026-03-18 13:47:33,,,,,0.519817,0.027178,,,,,,,12.0,,,,,,1.0578,PASS,
294,combined_PI,evo_g000036_c4,2026-03-18 13:47:33,,,,,0.51744,0.027382,,,,,,,12.0,,,,,,1.058,PASS,
295,combined_PI,evo_g000036_c5,2026-03-18 13:47:33,,,,,0.531465,0.027082,,,,,,,12.0,,,,,,1.0588,PASS,
293,combined_PI,evo_g000036_c3,2026-03-18 13:47:34,,,,,0.503329,0.027724,,,,,,,12.0,,,,,,1.059,PASS,
290,combined_PI,evo_g000036_c0,2026-03-18 13:47:34,,,,,0.513451,0.02752,,,,,,,12.0,,,,,,1.0578,PASS,
304,combined_PI,evo_g000037_c6,2026-03-18 13:47:36,,,,,0.501191,0.027395,,,,,,,12.0,,,,,,1.058,PASS,
302,combined_PI,evo_g000037_c4,2026-03-18 13:47:36,,,,,0.523764,0.026854,,,,,,,12.0,,,,,,1.0588,PASS,
299,combined_PI,evo_g000037_c1,2026-03-18 13:47:36,,,,,0.524526,0.028239,,,,,,,12.0,,,,,,1.0582,PASS,
303,combined_PI,evo_g000037_c5,2026-03-18 13:47:37,,,,,0.527665,0.026718,,,,,,,12.0,,,,,,1.0582,PASS,
300,combined_PI,evo_g000037_c2,2026-03-18 13:47:37,,,,,0.519159,0.026826,,,,,,,12.0,,,,,,1.0574,PASS,
301,combined_PI,evo_g000037_c3,2026-03-18 13:47:37,,,,,0.524192,0.027948,,,,,,,12.0,,,,,,1.0585,PASS,
298,combined_PI,evo_g000037_c0,2026-03-18 13:47:37,,,,,0.513836,0.025778,,,,,,,12.0,,,,,,1.0577,PASS,
305,combined_PI,evo_g000037_c7,2026-03-18 13:47:37,,,,,0.546471,0.02809,,,,,,,12.0,,,,,,1.0583,PASS,
312,combined_PI,evo_g000038_c6,2026-03-18 13:47:39,,,,,0.525919,0.027065,,,,,,,12.0,,,,,,1.0586,PASS,
308,combined_PI,evo_g000038_c2,2026-03-18 13:47:39,,,,,0.513659,0.026609,,,,,,,12.0,,,,,,1.0578,PASS,
313,combined_PI,evo_g000038_c7,2026-03-18 13:47:39,,,,,0.518537,0.026548,,,,,,,12.0,,,,,,1.0569,PASS,
306,combined_PI,evo_g000038_c0,2026-03-18 13:47:39,,,,,0.514081,0.027465,,,,,,,12.0,,,,,,1.0574,PASS,
311,combined_PI,evo_g000038_c5,2026-03-18 13:47:39,,,,,0.511643,0.027587,,,,,,,12.0,,,,,,1.0576,PASS,
310,combined_PI,evo_g000038_c4,2026-03-18 13:47:39,,,,,0.511642,0.027349,,,,,,,12.0,,,,,,1.0577,PASS,
309,combined_PI,evo_g000038_c3,2026-03-18 13:47:39,,,,,0.524935,0.02751,,,,,,,12.0,,,,,,1.0575,PASS,
307,combined_PI,evo_g000038_c1,2026-03-18 13:47:39,,,,,0.522303,0.02885,,,,,,,12.0,,,,,,1.0571,PASS,
319,combined_PI,evo_g000039_c5,2026-03-18 13:47:42,,,,,0.523655,0.027264,,,,,,,12.0,,,,,,1.0592,PASS,
314,combined_PI,evo_g000039_c0,2026-03-18 13:47:42,,,,,0.535703,0.027696,,,,,,,12.0,,,,,,1.0576,PASS,
316,combined_PI,evo_g000039_c2,2026-03-18 13:47:42,,,,,0.52173,0.027745,,,,,,,12.0,,,,,,1.0587,PASS,
315,combined_PI,evo_g000039_c1,2026-03-18 13:47:42,,,,,0.516885,0.027466,,,,,,,12.0,,,,,,1.0584,PASS,
320,combined_PI,evo_g000039_c6,2026-03-18 13:47:42,,,,,0.525473,0.026482,,,,,,,12.0,,,,,,1.057,PASS,
321,combined_PI,evo_g000039_c7,2026-03-18 13:47:42,,,,,0.525453,0.028019,,,,,,,12.0,,,,,,1.0557,PASS,
317,combined_PI,evo_g000039_c3,2026-03-18 13:47:42,,,,,0.513842,0.027595,,,,,,,12.0,,,,,,1.056,PASS,
318,combined_PI,evo_g000039_c4,2026-03-18 13:47:42,,,,,0.537993,0.027986,,,,,,,12.0,,,,,,1.0582,PASS,
323,combined_PI,evo_g000040_c1,2026-03-18 13:47:45,,,,,0.510803,0.028217,,,,,,,12.0,,,,,,1.0561,PASS,
325,combined_PI,evo_g000040_c3,2026-03-18 13:47:45,,,,,0.509895,0.027751,,,,,,,12.0,,,,,,1.0572,PASS,
326,combined_PI,evo_g000040_c4,2026-03-18 13:47:45,,,,,0.544059,0.028918,,,,,,,12.0,,,,,,1.0586,PASS,
328,combined_PI,evo_g000040_c6,2026-03-18 13:47:45,,,,,0.519956,0.028304,,,,,,,12.0,,,,,,1.0576,PASS,
324,combined_PI,evo_g000040_c2,2026-03-18 13:47:45,,,,,0.511136,0.028286,,,,,,,12.0,,,,,,1.0566,PASS,
327,combined_PI,evo_g000040_c5,2026-03-18 13:47:45,,,,,0.547024,0.026795,,,,,,,12.0,,,,,,1.0586,PASS,
322,combined_PI,evo_g000040_c0,2026-03-18 13:47:45,,,,,0.517972,0.026749,,,,,,,12.0,,,,,,1.0567,PASS,
329,combined_PI,evo_g000040_c7,2026-03-18 13:47:45,,,,,0.552166,0.027601,,,,,,,12.0,,,,,,1.058,PASS,
332,combined_PI,evo_g000041_c2,2026-03-18 13:47:48,,,,,0.502896,0.029744,,,,,,,12.0,,,,,,1.0568,PASS,
335,combined_PI,evo_g000041_c5,2026-03-18 13:47:48,,,,,0.524556,0.028059,,,,,,,12.0,,,,,,1.0586,PASS,
331,combined_PI,evo_g000041_c1,2026-03-18 13:47:48,,,,,0.529081,0.028646,,,,,,,12.0,,,,,,1.0585,PASS,
333,combined_PI,evo_g000041_c3,2026-03-18 13:47:48,,,,,0.531888,0.028878,,,,,,,12.0,,,,,,1.0569,PASS,
334,combined_PI,evo_g000041_c4,2026-03-18 13:47:48,,,,,0.527898,0.027989,,,,,,,12.0,,,,,,1.0574,PASS,
336,combined_PI,evo_g000041_c6,2026-03-18 13:47:48,,,,,0.515108,0.027364,,,,,,,12.0,,,,,,1.058,PASS,
330,combined_PI,evo_g000041_c0,2026-03-18 13:47:48,,,,,0.528452,0.028364,,,,,,,12.0,,,,,,1.0566,PASS,
337,combined_PI,evo_g000041_c7,2026-03-18 13:47:48,,,,,0.531049,0.027941,,,,,,,12.0,,,,,,1.0567,PASS,
343,combined_PI,evo_g000042_c5,2026-03-18 13:47:51,,,,,0.523728,0.027861,,,,,,,12.0,,,,,,1.0572,PASS,
339,combined_PI,evo_g000042_c1,2026-03-18 13:47:51,,,,,0.527324,0.027864,,,,,,,12.0,,,,,,1.0583,PASS,
344,combined_PI,evo_g000042_c6,2026-03-18 13:47:51,,,,,0.534072,0.027633,,,,,,,12.0,,,,,,1.0567,PASS,
345,combined_PI,evo_g000042_c7,2026-03-18 13:47:51,,,,,0.527283,0.028203,,,,,,,12.0,,,,,,1.0587,PASS,
338,combined_PI,evo_g000042_c0,2026-03-18 13:47:51,,,,,0.533973,0.027789,,,,,,,12.0,,,,,,1.0594,PASS,
341,combined_PI,evo_g000042_c3,2026-03-18 13:47:51,,,,,0.523847,0.026654,,,,,,,12.0,,,,,,1.059,PASS,
342,combined_PI,evo_g000042_c4,2026-03-18 13:47:51,,,,,0.510339,0.028349,,,,,,,12.0,,,,,,1.0581,PASS,
340,combined_PI,evo_g000042_c2,2026-03-18 13:47:51,,,,,0.511502,0.027361,,,,,,,12.0,,,,,,1.0573,PASS,
349,combined_PI,evo_g000043_c3,2026-03-18 13:47:55,,,,,0.51103,0.028555,,,,,,,12.0,,,,,,1.0572,PASS,
352,combined_PI,evo_g000043_c6,2026-03-18 13:47:55,,,,,0.523112,0.028088,,,,,,,12.0,,,,,,1.0578,PASS,
353,combined_PI,evo_g000043_c7,2026-03-18 13:47:55,,,,,0.546233,0.026905,,,,,,,12.0,,,,,,1.059,PASS,
351,combined_PI,evo_g000043_c5,2026-03-18 13:47:55,,,,,0.534773,0.028531,,,,,,,12.0,,,,,,1.0588,PASS,
350,combined_PI,evo_g000043_c4,2026-03-18 13:47:55,,,,,0.517361,0.02815,,,,,,,12.0,,,,,,1.0586,PASS,
348,combined_PI,evo_g000043_c2,2026-03-18 13:47:55,,,,,0.520823,0.027772,,,,,,,12.0,,,,,,1.0584,PASS,
346,combined_PI,evo_g000043_c0,2026-03-18 13:47:55,,,,,0.530644,0.028496,,,,,,,12.0,,,,,,1.059,PASS,
347,combined_PI,evo_g000043_c1,2026-03-18 13:47:55,,,,,0.500331,0.028504,,,,,,,12.0,,,,,,1.0584,PASS,
358,combined_PI,evo_g000044_c4,2026-03-18 13:47:58,,,,,0.51492,0.027288,,,,,,,12.0,,,,,,1.0567,PASS,
356,combined_PI,evo_g000044_c2,2026-03-18 13:47:58,,,,,0.521951,0.028575,,,,,,,12.0,,,,,,1.0585,PASS,
360,combined_PI,evo_g000044_c6,2026-03-18 13:47:59,,,,,0.511283,0.027453,,,,,,,12.0,,,,,,1.057,PASS,
359,combined_PI,evo_g000044_c5,2026-03-18 13:47:59,,,,,0.508639,0.028288,,,,,,,12.0,,,,,,1.0572,PASS,
357,combined_PI,evo_g000044_c3,2026-03-18 13:47:59,,,,,0.525804,0.027649,,,,,,,12.0,,,,,,1.0576,PASS,
355,combined_PI,evo_g000044_c1,2026-03-18 13:47:59,,,,,0.535125,0.027903,,,,,,,12.0,,,,,,1.0596,PASS,
354,combined_PI,evo_g000044_c0,2026-03-18 13:47:59,,,,,0.508791,0.027108,,,,,,,12.0,,,,,,1.0572,PASS,
361,combined_PI,evo_g000044_c7,2026-03-18 13:47:59,,,,,0.546106,0.027761,,,,,,,12.0,,,,,,1.0602,PASS,
362,combined_PI,evo_g000045_c0,2026-03-18 13:48:02,,,,,0.535703,0.028349,,,,,,,12.0,,,,,,1.0585,PASS,
367,combined_PI,evo_g000045_c5,2026-03-18 13:48:02,,,,,0.542011,0.027306,,,,,,,12.0,,,,,,1.0591,PASS,
365,combined_PI,evo_g000045_c3,2026-03-18 13:48:02,,,,,0.522874,0.028418,,,,,,,12.0,,,,,,1.0576,PASS,
368,combined_PI,evo_g000045_c6,2026-03-18 13:48:02,,,,,0.527211,0.027853,,,,,,,12.0,,,,,,1.0595,PASS,
364,combined_PI,evo_g000045_c2,2026-03-18 13:48:02,,,,,0.51968,0.028455,,,,,,,12.0,,,,,,1.0575,PASS,
366,combined_PI,evo_g000045_c4,2026-03-18 13:48:02,,,,,0.539494,0.027931,,,,,,,12.0,,,,,,1.0596,PASS,
369,combined_PI,evo_g000045_c7,2026-03-18 13:48:02,,,,,0.51337,0.027402,,,,,,,12.0,,,,,,1.057,PASS,
363,combined_PI,evo_g000045_c1,2026-03-18 13:48:02,,,,,0.53344,0.027923,,,,,,,12.0,,,,,,1.0586,PASS,
375,combined_PI,evo_g000046_c5,2026-03-18 13:48:06,,,,,0.515725,0.027677,,,,,,,12.0,,,,,,1.0576,PASS,
372,combined_PI,evo_g000046_c2,2026-03-18 13:48:06,,,,,0.522258,0.028226,,,,,,,12.0,,,,,,1.0578,PASS,
374,combined_PI,evo_g000046_c4,2026-03-18 13:48:06,,,,,0.553308,0.02941,,,,,,,12.0,,,,,,1.0609,PASS,
373,combined_PI,evo_g000046_c3,2026-03-18 13:48:06,,,,,0.496191,0.027353,,,,,,,12.0,,,,,,1.0574,PASS,
371,combined_PI,evo_g000046_c1,2026-03-18 13:48:06,,,,,0.563718,0.028944,,,,,,,12.0,,,,,,1.0612,PASS,
370,combined_PI,evo_g000046_c0,2026-03-18 13:48:06,,,,,0.516402,0.029282,,,,,,,12.0,,,,,,1.0579,PASS,
377,combined_PI,evo_g000046_c7,2026-03-18 13:48:06,,,,,0.531484,0.028127,,,,,,,12.0,,,,,,1.0585,PASS,
376,combined_PI,evo_g000046_c6,2026-03-18 13:48:06,,,,,0.545396,0.027501,,,,,,,12.0,,,,,,1.0596,PASS,
381,combined_PI,evo_g000047_c3,2026-03-18 13:48:10,,,,,0.520519,0.028046,,,,,,,12.0,,,,,,1.0586,PASS,
378,combined_PI,evo_g000047_c0,2026-03-18 13:48:10,,,,,0.53034,0.028225,,,,,,,12.0,,,,,,1.0596,PASS,
382,combined_PI,evo_g000047_c4,2026-03-18 13:48:10,,,,,0.527867,0.029218,,,,,,,12.0,,,,,,1.058,PASS,
383,combined_PI,evo_g000047_c5,2026-03-18 13:48:10,,,,,0.512902,0.029248,,,,,,,12.0,,,,,,1.0571,PASS,
380,combined_PI,evo_g000047_c2,2026-03-18 13:48:10,,,,,0.536806,0.027679,,,,,,,12.0,,,,,,1.0592,PASS,
385,combined_PI,evo_g000047_c7,2026-03-18 13:48:10,,,,,0.51549,0.027678,,,,,,,12.0,,,,,,1.0568,PASS,
384,combined_PI,evo_g000047_c6,2026-03-18 13:48:10,,,,,0.514741,0.027728,,,,,,,12.0,,,,,,1.0585,PASS,
379,combined_PI,evo_g000047_c1,2026-03-18 13:48:10,,,,,0.516266,0.027332,,,,,,,12.0,,,,,,1.058,PASS,
388,combined_PI,evo_g000048_c2,2026-03-18 13:48:13,,,,,0.507259,0.028486,,,,,,,12.0,,,,,,1.0583,PASS,
391,combined_PI,evo_g000048_c5,2026-03-18 13:48:13,,,,,0.523737,0.029161,,,,,,,12.0,,,,,,1.0584,PASS,
392,combined_PI,evo_g000048_c6,2026-03-18 13:48:13,,,,,0.505862,0.027885,,,,,,,12.0,,,,,,1.0574,PASS,
387,combined_PI,evo_g000048_c1,2026-03-18 13:48:13,,,,,0.527905,0.02777,,,,,,,12.0,,,,,,1.0585,PASS,
393,combined_PI,evo_g000048_c7,2026-03-18 13:48:13,,,,,0.53528,0.02772,,,,,,,12.0,,,,,,1.059,PASS,
390,combined_PI,evo_g000048_c4,2026-03-18 13:48:13,,,,,0.52408,0.028743,,,,,,,12.0,,,,,,1.0582,PASS,
386,combined_PI,evo_g000048_c0,2026-03-18 13:48:13,,,,,0.51696,0.028693,,,,,,,12.0,,,,,,1.0589,PASS,
389,combined_PI,evo_g000048_c3,2026-03-18 13:48:13,,,,,0.52282,0.02892,,,,,,,12.0,,,,,,1.0591,PASS,
400,combined_PI,evo_g000049_c6,2026-03-18 13:48:17,,,,,0.509561,0.02855,,,,,,,12.0,,,,,,1.0575,PASS,
401,combined_PI,evo_g000049_c7,2026-03-18 13:48:17,,,,,0.521717,0.028162,,,,,,,12.0,,,,,,1.0569,PASS,
398,combined_PI,evo_g000049_c4,2026-03-18 13:48:17,,,,,0.52013,0.028668,,,,,,,12.0,,,,,,1.0585,PASS,
397,combined_PI,evo_g000049_c3,2026-03-18 13:48:17,,,,,0.524351,0.028002,,,,,,,12.0,,,,,,1.057,PASS,
396,combined_PI,evo_g000049_c2,2026-03-18 13:48:17,,,,,0.529177,0.029571,,,,,,,12.0,,,,,,1.0578,PASS,
394,combined_PI,evo_g000049_c0,2026-03-18 13:48:17,,,,,0.503961,0.028817,,,,,,,12.0,,,,,,1.0584,PASS,
395,combined_PI,evo_g000049_c1,2026-03-18 13:48:17,,,,,0.519469,0.026751,,,,,,,12.0,,,,,,1.0575,PASS,
399,combined_PI,evo_g000049_c5,2026-03-18 13:48:17,,,,,0.537231,0.027827,,,,,,,12.0,,,,,,1.0582,PASS,
405,combined_PI,evo_g000050_c3,2026-03-18 13:48:20,,,,,0.528727,0.029028,,,,,,,12.0,,,,,,1.0585,PASS,
406,combined_PI,evo_g000050_c4,2026-03-18 13:48:20,,,,,0.541417,0.028716,,,,,,,12.0,,,,,,1.059,PASS,
409,combined_PI,evo_g000050_c7,2026-03-18 13:48:20,,,,,0.528755,0.027109,,,,,,,12.0,,,,,,1.0577,PASS,
407,combined_PI,evo_g000050_c5,2026-03-18 13:48:20,,,,,0.513054,0.027286,,,,,,,12.0,,,,,,1.0577,PASS,
408,combined_PI,evo_g000050_c6,2026-03-18 13:48:21,,,,,0.521974,0.028442,,,,,,,12.0,,,,,,1.0567,PASS,
403,combined_PI,evo_g000050_c1,2026-03-18 13:48:21,,,,,0.522416,0.028702,,,,,,,12.0,,,,,,1.0585,PASS,
404,combined_PI,evo_g000050_c2,2026-03-18 13:48:21,,,,,0.547514,0.029076,,,,,,,12.0,,,,,,1.0584,PASS,
402,combined_PI,evo_g000050_c0,2026-03-18 13:48:21,,,,,0.525913,0.027369,,,,,,,12.0,,,,,,1.0576,PASS,
411,combined_PI,evo_g000051_c1,2026-03-18 13:48:24,,,,,0.521667,0.028118,,,,,,,12.0,,,,,,1.0561,PASS,
415,combined_PI,evo_g000051_c5,2026-03-18 13:48:24,,,,,0.532657,0.028995,,,,,,,12.0,,,,,,1.0591,PASS,
416,combined_PI,evo_g000051_c6,2026-03-18 13:48:24,,,,,0.517481,0.027186,,,,,,,12.0,,,,,,1.0585,PASS,
410,combined_PI,evo_g000051_c0,2026-03-18 13:48:24,,,,,0.506937,0.027189,,,,,,,12.0,,,,,,1.0584,PASS,
412,combined_PI,evo_g000051_c2,2026-03-18 13:48:24,,,,,0.537068,0.028482,,,,,,,12.0,,,,,,1.0576,PASS,
417,combined_PI,evo_g000051_c7,2026-03-18 13:48:24,,,,,0.540115,0.028604,,,,,,,12.0,,,,,,1.0583,PASS,
413,combined_PI,evo_g000051_c3,2026-03-18 13:48:24,,,,,0.541728,0.027677,,,,,,,12.0,,,,,,1.0582,PASS,
414,combined_PI,evo_g000051_c4,2026-03-18 13:48:24,,,,,0.527799,0.027449,,,,,,,12.0,,,,,,1.0586,PASS,
421,combined_PI,evo_g000052_c3,2026-03-18 13:48:28,,,,,0.521718,0.027596,,,,,,,12.0,,,,,,1.0575,PASS,
418,combined_PI,evo_g000052_c0,2026-03-18 13:48:28,,,,,0.510308,0.02801,,,,,,,12.0,,,,,,1.0574,PASS,
423,combined_PI,evo_g000052_c5,2026-03-18 13:48:28,,,,,0.541124,0.027457,,,,,,,12.0,,,,,,1.059,PASS,
419,combined_PI,evo_g000052_c1,2026-03-18 13:48:28,,,,,0.514839,0.026641,,,,,,,12.0,,,,,,1.0572,PASS,
424,combined_PI,evo_g000052_c6,2026-03-18 13:48:28,,,,,0.537463,0.028409,,,,,,,12.0,,,,,,1.059,PASS,
425,combined_PI,evo_g000052_c7,2026-03-18 13:48:28,,,,,0.529562,0.027937,,,,,,,12.0,,,,,,1.0602,PASS,
422,combined_PI,evo_g000052_c4,2026-03-18 13:48:28,,,,,0.512739,0.028094,,,,,,,12.0,,,,,,1.0574,PASS,
420,combined_PI,evo_g000052_c2,2026-03-18 13:48:28,,,,,0.500598,0.027819,,,,,,,12.0,,,,,,1.0584,PASS,
427,combined_PI,evo_g000053_c1,2026-03-18 13:48:32,,,,,0.529972,0.02798,,,,,,,12.0,,,,,,1.0598,PASS,
428,combined_PI,evo_g000053_c2,2026-03-18 13:48:32,,,,,0.540001,0.027156,,,,,,,12.0,,,,,,1.0585,PASS,
426,combined_PI,evo_g000053_c0,2026-03-18 13:48:32,,,,,0.546705,0.027367,,,,,,,12.0,,,,,,1.0584,PASS,
432,combined_PI,evo_g000053_c6,2026-03-18 13:48:32,,,,,0.54652,0.027692,,,,,,,12.0,,,,,,1.0586,PASS,
433,combined_PI,evo_g000053_c7,2026-03-18 13:48:32,,,,,0.538148,0.028407,,,,,,,12.0,,,,,,1.058,PASS,
429,combined_PI,evo_g000053_c3,2026-03-18 13:48:32,,,,,0.513952,0.028093,,,,,,,12.0,,,,,,1.0578,PASS,
430,combined_PI,evo_g000053_c4,2026-03-18 13:48:32,,,,,0.535222,0.028108,,,,,,,12.0,,,,,,1.057,PASS,
431,combined_PI,evo_g000053_c5,2026-03-18 13:48:32,,,,,0.508368,0.028073,,,,,,,12.0,,,,,,1.0567,PASS,
434,combined_PI,evo_g000054_c0,2026-03-18 13:48:36,,,,,0.511316,0.028318,,,,,,,12.0,,,,,,1.0572,PASS,
440,combined_PI,evo_g000054_c6,2026-03-18 13:48:36,,,,,0.530056,0.027856,,,,,,,12.0,,,,,,1.0584,PASS,
438,combined_PI,evo_g000054_c4,2026-03-18 13:48:36,,,,,0.506962,0.027475,,,,,,,12.0,,,,,,1.0581,PASS,
436,combined_PI,evo_g000054_c2,2026-03-18 13:48:36,,,,,0.510287,0.028187,,,,,,,12.0,,,,,,1.0587,PASS,
435,combined_PI,evo_g000054_c1,2026-03-18 13:48:36,,,,,0.516429,0.028819,,,,,,,12.0,,,,,,1.0561,PASS,
441,combined_PI,evo_g000054_c7,2026-03-18 13:48:36,,,,,0.516111,0.027536,,,,,,,12.0,,,,,,1.0576,PASS,
439,combined_PI,evo_g000054_c5,2026-03-18 13:48:36,,,,,0.542651,0.028268,,,,,,,12.0,,,,,,1.059,PASS,
437,combined_PI,evo_g000054_c3,2026-03-18 13:48:36,,,,,0.513371,0.028632,,,,,,,12.0,,,,,,1.0572,PASS,
443,combined_PI,evo_g000055_c1,2026-03-18 13:48:39,,,,,0.520892,0.0272,,,,,,,12.0,,,,,,1.058,PASS,
446,combined_PI,evo_g000055_c4,2026-03-18 13:48:39,,,,,0.513459,0.02874,,,,,,,12.0,,,,,,1.0571,PASS,
442,combined_PI,evo_g000055_c0,2026-03-18 13:48:39,,,,,0.504484,0.028875,,,,,,,12.0,,,,,,1.0581,PASS,
444,combined_PI,evo_g000055_c2,2026-03-18 13:48:39,,,,,0.517001,0.027612,,,,,,,12.0,,,,,,1.0592,PASS,
448,combined_PI,evo_g000055_c6,2026-03-18 13:48:39,,,,,0.532753,0.027364,,,,,,,12.0,,,,,,1.0581,PASS,
447,combined_PI,evo_g000055_c5,2026-03-18 13:48:39,,,,,0.546262,0.027556,,,,,,,12.0,,,,,,1.0588,PASS,
449,combined_PI,evo_g000055_c7,2026-03-18 13:48:39,,,,,0.517701,0.02829,,,,,,,12.0,,,,,,1.058,PASS,
445,combined_PI,evo_g000055_c3,2026-03-18 13:48:39,,,,,0.529805,0.027196,,,,,,,12.0,,,,,,1.0582,PASS,
455,combined_PI,evo_g000056_c5,2026-03-18 13:48:43,,,,,0.517536,0.028075,,,,,,,12.0,,,,,,1.0567,PASS,
452,combined_PI,evo_g000056_c2,2026-03-18 13:48:43,,,,,0.537991,0.02906,,,,,,,12.0,,,,,,1.0576,PASS,
456,combined_PI,evo_g000056_c6,2026-03-18 13:48:43,,,,,0.51891,0.028033,,,,,,,12.0,,,,,,1.0582,PASS,
450,combined_PI,evo_g000056_c0,2026-03-18 13:48:43,,,,,0.54736,0.027348,,,,,,,12.0,,,,,,1.0574,PASS,
453,combined_PI,evo_g000056_c3,2026-03-18 13:48:43,,,,,0.526131,0.028069,,,,,,,12.0,,,,,,1.0585,PASS,
451,combined_PI,evo_g000056_c1,2026-03-18 13:48:43,,,,,0.547632,0.029298,,,,,,,12.0,,,,,,1.0593,PASS,
454,combined_PI,evo_g000056_c4,2026-03-18 13:48:43,,,,,0.51987,0.027945,,,,,,,12.0,,,,,,1.0576,PASS,
457,combined_PI,evo_g000056_c7,2026-03-18 13:48:43,,,,,0.525266,0.027674,,,,,,,12.0,,,,,,1.0592,PASS,
460,combined_PI,evo_g000057_c2,2026-03-18 13:48:46,,,,,0.526176,0.027877,,,,,,,12.0,,,,,,1.0574,PASS,
463,combined_PI,evo_g000057_c5,2026-03-18 13:48:46,,,,,0.52063,0.028048,,,,,,,12.0,,,,,,1.0579,PASS,
464,combined_PI,evo_g000057_c6,2026-03-18 13:48:46,,,,,0.53135,0.027948,,,,,,,12.0,,,,,,1.0571,PASS,
461,combined_PI,evo_g000057_c3,2026-03-18 13:48:46,,,,,0.528098,0.028058,,,,,,,12.0,,,,,,1.0579,PASS,
462,combined_PI,evo_g000057_c4,2026-03-18 13:48:46,,,,,0.504283,0.02837,,,,,,,12.0,,,,,,1.0568,PASS,
465,combined_PI,evo_g000057_c7,2026-03-18 13:48:46,,,,,0.522337,0.027142,,,,,,,12.0,,,,,,1.0575,PASS,
458,combined_PI,evo_g000057_c0,2026-03-18 13:48:46,,,,,0.523542,0.029106,,,,,,,12.0,,,,,,1.059,PASS,
459,combined_PI,evo_g000057_c1,2026-03-18 13:48:46,,,,,0.50909,0.027852,,,,,,,12.0,,,,,,1.0568,PASS,
473,combined_PI,evo_g000058_c7,2026-03-18 13:48:49,,,,,0.519586,0.028013,,,,,,,12.0,,,,,,1.0575,PASS,
471,combined_PI,evo_g000058_c5,2026-03-18 13:48:49,,,,,0.552057,0.028681,,,,,,,12.0,,,,,,1.0592,PASS,
468,combined_PI,evo_g000058_c2,2026-03-18 13:48:49,,,,,0.524469,0.027439,,,,,,,12.0,,,,,,1.0597,PASS,
470,combined_PI,evo_g000058_c4,2026-03-18 13:48:49,,,,,0.530878,0.02822,,,,,,,12.0,,,,,,1.0574,PASS,
467,combined_PI,evo_g000058_c1,2026-03-18 13:48:49,,,,,0.523491,0.028508,,,,,,,12.0,,,,,,1.059,PASS,
472,combined_PI,evo_g000058_c6,2026-03-18 13:48:49,,,,,0.511839,0.02824,,,,,,,12.0,,,,,,1.057,PASS,
466,combined_PI,evo_g000058_c0,2026-03-18 13:48:49,,,,,0.552633,0.027427,,,,,,,12.0,,,,,,1.0604,PASS,
469,combined_PI,evo_g000058_c3,2026-03-18 13:48:49,,,,,0.52274,0.028844,,,,,,,12.0,,,,,,1.0594,PASS,
474,combined_PI,evo_g000059_c0,2026-03-18 13:48:52,,,,,0.516009,0.027897,,,,,,,12.0,,,,,,1.0583,PASS,
479,combined_PI,evo_g000059_c5,2026-03-18 13:48:52,,,,,0.509834,0.028561,,,,,,,12.0,,,,,,1.0571,PASS,
475,combined_PI,evo_g000059_c1,2026-03-18 13:48:52,,,,,0.539816,0.027123,,,,,,,12.0,,,,,,1.0583,PASS,
481,combined_PI,evo_g000059_c7,2026-03-18 13:48:52,,,,,0.520943,0.02794,,,,,,,12.0,,,,,,1.0588,PASS,
480,combined_PI,evo_g000059_c6,2026-03-18 13:48:52,,,,,0.511759,0.027824,,,,,,,12.0,,,,,,1.0573,PASS,
476,combined_PI,evo_g000059_c2,2026-03-18 13:48:52,,,,,0.517988,0.027533,,,,,,,12.0,,,,,,1.0564,PASS,
477,combined_PI,evo_g000059_c3,2026-03-18 13:48:52,,,,,0.512045,0.027242,,,,,,,12.0,,,,,,1.0572,PASS,
478,combined_PI,evo_g000059_c4,2026-03-18 13:48:52,,,,,0.529639,0.028011,,,,,,,12.0,,,,,,1.0584,PASS,
486,combined_PI,evo_g000060_c4,2026-03-18 13:48:55,,,,,0.533305,0.027512,,,,,,,12.0,,,,,,1.0565,PASS,
485,combined_PI,evo_g000060_c3,2026-03-18 13:48:55,,,,,0.517943,0.027312,,,,,,,12.0,,,,,,1.0574,PASS,
483,combined_PI,evo_g000060_c1,2026-03-18 13:48:55,,,,,0.525219,0.028932,,,,,,,12.0,,,,,,1.0573,PASS,
484,combined_PI,evo_g000060_c2,2026-03-18 13:48:55,,,,,0.534035,0.028033,,,,,,,12.0,,,,,,1.057,PASS,
482,combined_PI,evo_g000060_c0,2026-03-18 13:48:55,,,,,0.568004,0.027237,,,,,,,12.0,,,,,,1.0606,PASS,
487,combined_PI,evo_g000060_c5,2026-03-18 13:48:55,,,,,0.52781,0.02698,,,,,,,12.0,,,,,,1.0587,PASS,
488,combined_PI,evo_g000060_c6,2026-03-18 13:48:55,,,,,0.510811,0.027451,,,,,,,12.0,,,,,,1.0577,PASS,
489,combined_PI,evo_g000060_c7,2026-03-18 13:48:55,,,,,0.529815,0.028493,,,,,,,12.0,,,,,,1.058,PASS,
493,combined_PI,evo_g000061_c3,2026-03-18 13:48:57,,,,,0.526175,0.028448,,,,,,,12.0,,,,,,1.0582,PASS,
495,combined_PI,evo_g000061_c5,2026-03-18 13:48:57,,,,,0.537086,0.02761,,,,,,,12.0,,,,,,1.059,PASS,
492,combined_PI,evo_g000061_c2,2026-03-18 13:48:57,,,,,0.511586,0.027793,,,,,,,12.0,,,,,,1.0576,PASS,
494,combined_PI,evo_g000061_c4,2026-03-18 13:48:57,,,,,0.535942,0.028285,,,,,,,12.0,,,,,,1.0589,PASS,
496,combined_PI,evo_g000061_c6,2026-03-18 13:48:57,,,,,0.500037,0.028143,,,,,,,12.0,,,,,,1.0574,PASS,
497,combined_PI,evo_g000061_c7,2026-03-18 13:48:57,,,,,0.50677,0.028479,,,,,,,12.0,,,,,,1.0578,PASS,
490,combined_PI,evo_g000061_c0,2026-03-18 13:48:57,,,,,0.528778,0.028224,,,,,,,12.0,,,,,,1.0581,PASS,
491,combined_PI,evo_g000061_c1,2026-03-18 13:48:57,,,,,0.534173,0.027783,,,,,,,12.0,,,,,,1.0582,PASS,
503,combined_PI,evo_g000062_c5,2026-03-18 13:49:00,,,,,0.499104,0.027178,,,,,,,12.0,,,,,,1.0567,PASS,
504,combined_PI,evo_g000062_c6,2026-03-18 13:49:00,,,,,0.534969,0.027746,,,,,,,12.0,,,,,,1.0576,PASS,
505,combined_PI,evo_g000062_c7,2026-03-18 13:49:00,,,,,0.506733,0.026683,,,,,,,12.0,,,,,,1.0574,PASS,
500,combined_PI,evo_g000062_c2,2026-03-18 13:49:00,,,,,0.53528,0.027683,,,,,,,12.0,,,,,,1.0585,PASS,
498,combined_PI,evo_g000062_c0,2026-03-18 13:49:00,,,,,0.546488,0.027484,,,,,,,12.0,,,,,,1.0586,PASS,
501,combined_PI,evo_g000062_c3,2026-03-18 13:49:00,,,,,0.50824,0.027602,,,,,,,12.0,,,,,,1.0571,PASS,
499,combined_PI,evo_g000062_c1,2026-03-18 13:49:00,,,,,0.533232,0.028712,,,,,,,12.0,,,,,,1.0596,PASS,
502,combined_PI,evo_g000062_c4,2026-03-18 13:49:00,,,,,0.514293,0.027426,,,,,,,12.0,,,,,,1.0568,PASS,
509,combined_PI,evo_g000063_c3,2026-03-18 13:49:03,,,,,0.524238,0.028232,,,,,,,12.0,,,,,,1.0574,PASS,
513,combined_PI,evo_g000063_c7,2026-03-18 13:49:03,,,,,0.519587,0.028299,,,,,,,12.0,,,,,,1.0572,PASS,
510,combined_PI,evo_g000063_c4,2026-03-18 13:49:03,,,,,0.540044,0.029019,,,,,,,12.0,,,,,,1.0589,PASS,
507,combined_PI,evo_g000063_c1,2026-03-18 13:49:03,,,,,0.523063,0.028081,,,,,,,12.0,,,,,,1.057,PASS,
508,combined_PI,evo_g000063_c2,2026-03-18 13:49:03,,,,,0.555085,0.028354,,,,,,,12.0,,,,,,1.0616,PASS,
512,combined_PI,evo_g000063_c6,2026-03-18 13:49:03,,,,,0.553412,0.026899,,,,,,,12.0,,,,,,1.0594,PASS,
511,combined_PI,evo_g000063_c5,2026-03-18 13:49:03,,,,,0.507646,0.028522,,,,,,,12.0,,,,,,1.0566,PASS,
506,combined_PI,evo_g000063_c0,2026-03-18 13:49:03,,,,,0.536329,0.027883,,,,,,,12.0,,,,,,1.057,PASS,
514,combined_PI,evo_g000064_c0,2026-03-18 13:49:05,,,,,0.517609,0.027349,,,,,,,12.0,,,,,,1.0579,PASS,
518,combined_PI,evo_g000064_c4,2026-03-18 13:49:06,,,,,0.521269,0.028345,,,,,,,12.0,,,,,,1.0582,PASS,
516,combined_PI,evo_g000064_c2,2026-03-18 13:49:06,,,,,0.518144,0.028272,,,,,,,12.0,,,,,,1.057,PASS,
520,combined_PI,evo_g000064_c6,2026-03-18 13:49:06,,,,,0.521063,0.028615,,,,,,,12.0,,,,,,1.0582,PASS,
515,combined_PI,evo_g000064_c1,2026-03-18 13:49:06,,,,,0.533033,0.027629,,,,,,,12.0,,,,,,1.0589,PASS,
521,combined_PI,evo_g000064_c7,2026-03-18 13:49:06,,,,,0.530276,0.027472,,,,,,,12.0,,,,,,1.0579,PASS,
519,combined_PI,evo_g000064_c5,2026-03-18 13:49:06,,,,,0.514057,0.027049,,,,,,,12.0,,,,,,1.0582,PASS,
517,combined_PI,evo_g000064_c3,2026-03-18 13:49:06,,,,,0.527066,0.027779,,,,,,,12.0,,,,,,1.0572,PASS,
527,combined_PI,evo_g000065_c5,2026-03-18 13:49:08,,,,,0.533426,0.027062,,,,,,,12.0,,,,,,1.0588,PASS,
525,combined_PI,evo_g000065_c3,2026-03-18 13:49:09,,,,,0.516217,0.028895,,,,,,,12.0,,,,,,1.0574,PASS,
526,combined_PI,evo_g000065_c4,2026-03-18 13:49:09,,,,,0.540994,0.027156,,,,,,,12.0,,,,,,1.0586,PASS,
523,combined_PI,evo_g000065_c1,2026-03-18 13:49:09,,,,,0.539242,0.02759,,,,,,,12.0,,,,,,1.0615,PASS,
528,combined_PI,evo_g000065_c6,2026-03-18 13:49:09,,,,,0.537495,0.028204,,,,,,,12.0,,,,,,1.0582,PASS,
529,combined_PI,evo_g000065_c7,2026-03-18 13:49:09,,,,,0.534373,0.027497,,,,,,,12.0,,,,,,1.0591,PASS,
522,combined_PI,evo_g000065_c0,2026-03-18 13:49:09,,,,,0.538438,0.028054,,,,,,,12.0,,,,,,1.0604,PASS,
524,combined_PI,evo_g000065_c2,2026-03-18 13:49:09,,,,,0.53893,0.028248,,,,,,,12.0,,,,,,1.0587,PASS,
533,combined_PI,evo_g000066_c3,2026-03-18 13:49:11,,,,,0.525307,0.028251,,,,,,,12.0,,,,,,1.0584,PASS,
537,combined_PI,evo_g000066_c7,2026-03-18 13:49:11,,,,,0.525612,0.028247,,,,,,,12.0,,,,,,1.0592,PASS,
531,combined_PI,evo_g000066_c1,2026-03-18 13:49:11,,,,,0.521901,0.027486,,,,,,,12.0,,,,,,1.0578,PASS,
535,combined_PI,evo_g000066_c5,2026-03-18 13:49:11,,,,,0.537983,0.027257,,,,,,,12.0,,,,,,1.0616,PASS,
534,combined_PI,evo_g000066_c4,2026-03-18 13:49:11,,,,,0.533205,0.026705,,,,,,,12.0,,,,,,1.0589,PASS,
536,combined_PI,evo_g000066_c6,2026-03-18 13:49:11,,,,,0.535263,0.028125,,,,,,,12.0,,,,,,1.0576,PASS,
532,combined_PI,evo_g000066_c2,2026-03-18 13:49:11,,,,,0.521657,0.028148,,,,,,,12.0,,,,,,1.0577,PASS,
530,combined_PI,evo_g000066_c0,2026-03-18 13:49:11,,,,,0.513053,0.028514,,,,,,,12.0,,,,,,1.058,PASS,
541,combined_PI,evo_g000067_c3,2026-03-18 13:49:14,,,,,0.526072,0.027928,,,,,,,12.0,,,,,,1.0582,PASS,
540,combined_PI,evo_g000067_c2,2026-03-18 13:49:14,,,,,0.53299,0.028969,,,,,,,12.0,,,,,,1.0586,PASS,
545,combined_PI,evo_g000067_c7,2026-03-18 13:49:14,,,,,0.503433,0.027572,,,,,,,12.0,,,,,,1.0574,PASS,
538,combined_PI,evo_g000067_c0,2026-03-18 13:49:14,,,,,0.531159,0.027704,,,,,,,12.0,,,,,,1.0583,PASS,
543,combined_PI,evo_g000067_c5,2026-03-18 13:49:14,,,,,0.531212,0.02869,,,,,,,12.0,,,,,,1.0576,PASS,
542,combined_PI,evo_g000067_c4,2026-03-18 13:49:14,,,,,0.538804,0.028422,,,,,,,12.0,,,,,,1.0594,PASS,
544,combined_PI,evo_g000067_c6,2026-03-18 13:49:14,,,,,0.53395,0.027684,,,,,,,12.0,,,,,,1.0583,PASS,
539,combined_PI,evo_g000067_c1,2026-03-18 13:49:14,,,,,0.530227,0.02821,,,,,,,12.0,,,,,,1.0576,PASS,
548,combined_PI,evo_g000068_c2,2026-03-18 13:49:17,,,,,0.519042,0.027099,,,,,,,12.0,,,,,,1.0591,PASS,
552,combined_PI,evo_g000068_c6,2026-03-18 13:49:17,,,,,0.51717,0.028652,,,,,,,12.0,,,,,,1.0586,PASS,
547,combined_PI,evo_g000068_c1,2026-03-18 13:49:17,,,,,0.522425,0.029197,,,,,,,12.0,,,,,,1.0577,PASS,
549,combined_PI,evo_g000068_c3,2026-03-18 13:49:17,,,,,0.513548,0.028743,,,,,,,12.0,,,,,,1.0586,PASS,
546,combined_PI,evo_g000068_c0,2026-03-18 13:49:17,,,,,0.541472,0.028505,,,,,,,12.0,,,,,,1.0584,PASS,
551,combined_PI,evo_g000068_c5,2026-03-18 13:49:17,,,,,0.522373,0.028139,,,,,,,12.0,,,,,,1.0578,PASS,
553,combined_PI,evo_g000068_c7,2026-03-18 13:49:17,,,,,0.525485,0.028282,,,,,,,12.0,,,,,,1.0582,PASS,
550,combined_PI,evo_g000068_c4,2026-03-18 13:49:17,,,,,0.533852,0.027991,,,,,,,12.0,,,,,,1.0572,PASS,
560,combined_PI,evo_g000069_c6,2026-03-18 13:49:20,,,,,0.522424,0.028521,,,,,,,12.0,,,,,,1.0584,PASS,
559,combined_PI,evo_g000069_c5,2026-03-18 13:49:20,,,,,0.529161,0.028604,,,,,,,12.0,,,,,,1.0584,PASS,
554,combined_PI,evo_g000069_c0,2026-03-18 13:49:20,,,,,0.525027,0.027724,,,,,,,12.0,,,,,,1.0568,PASS,
558,combined_PI,evo_g000069_c4,2026-03-18 13:49:20,,,,,0.526592,0.028154,,,,,,,12.0,,,,,,1.0583,PASS,
555,combined_PI,evo_g000069_c1,2026-03-18 13:49:20,,,,,0.526982,0.029191,,,,,,,12.0,,,,,,1.0586,PASS,
561,combined_PI,evo_g000069_c7,2026-03-18 13:49:20,,,,,0.52454,0.027802,,,,,,,12.0,,,,,,1.0573,PASS,
556,combined_PI,evo_g000069_c2,2026-03-18 13:49:20,,,,,0.546115,0.027615,,,,,,,12.0,,,,,,1.0582,PASS,
557,combined_PI,evo_g000069_c3,2026-03-18 13:49:20,,,,,0.543754,0.02713,,,,,,,12.0,,,,,,1.0588,PASS,
562,combined_PI,evo_g000070_c0,2026-03-18 13:49:23,,,,,0.524715,0.028139,,,,,,,12.0,,,,,,1.0569,PASS,
563,combined_PI,evo_g000070_c1,2026-03-18 13:49:23,,,,,0.516642,0.028774,,,,,,,12.0,,,,,,1.0583,PASS,
567,combined_PI,evo_g000070_c5,2026-03-18 13:49:23,,,,,0.524919,0.028059,,,,,,,12.0,,,,,,1.0577,PASS,
568,combined_PI,evo_g000070_c6,2026-03-18 13:49:23,,,,,0.520187,0.028527,,,,,,,12.0,,,,,,1.057,PASS,
564,combined_PI,evo_g000070_c2,2026-03-18 13:49:23,,,,,0.521328,0.027068,,,,,,,12.0,,,,,,1.0587,PASS,
569,combined_PI,evo_g000070_c7,2026-03-18 13:49:23,,,,,0.51838,0.02743,,,,,,,12.0,,,,,,1.0579,PASS,
565,combined_PI,evo_g000070_c3,2026-03-18 13:49:23,,,,,0.520432,0.027282,,,,,,,12.0,,,,,,1.0583,PASS,
566,combined_PI,evo_g000070_c4,2026-03-18 13:49:23,,,,,0.522343,0.026868,,,,,,,12.0,,,,,,1.057,PASS,
576,combined_PI,evo_g000071_c6,2026-03-18 13:49:26,,,,,0.502598,0.028211,,,,,,,12.0,,,,,,1.0575,PASS,
570,combined_PI,evo_g000071_c0,2026-03-18 13:49:26,,,,,0.539477,0.028498,,,,,,,12.0,,,,,,1.0596,PASS,
577,combined_PI,evo_g000071_c7,2026-03-18 13:49:26,,,,,0.525544,0.027306,,,,,,,12.0,,,,,,1.0568,PASS,
571,combined_PI,evo_g000071_c1,2026-03-18 13:49:26,,,,,0.539233,0.028094,,,,,,,12.0,,,,,,1.0572,PASS,
572,combined_PI,evo_g000071_c2,2026-03-18 13:49:26,,,,,0.505655,0.028393,,,,,,,12.0,,,,,,1.0574,PASS,
575,combined_PI,evo_g000071_c5,2026-03-18 13:49:26,,,,,0.515197,0.027472,,,,,,,12.0,,,,,,1.0585,PASS,
573,combined_PI,evo_g000071_c3,2026-03-18 13:49:26,,,,,0.524025,0.028211,,,,,,,12.0,,,,,,1.0576,PASS,
574,combined_PI,evo_g000071_c4,2026-03-18 13:49:26,,,,,0.533455,0.027805,,,,,,,12.0,,,,,,1.0583,PASS,
578,combined_PI,evo_g000072_c0,2026-03-18 13:49:29,,,,,0.541237,0.02783,,,,,,,12.0,,,,,,1.0582,PASS,
585,combined_PI,evo_g000072_c7,2026-03-18 13:49:29,,,,,0.515161,0.027936,,,,,,,12.0,,,,,,1.0581,PASS,
581,combined_PI,evo_g000072_c3,2026-03-18 13:49:29,,,,,0.513027,0.02885,,,,,,,12.0,,,,,,1.0569,PASS,
580,combined_PI,evo_g000072_c2,2026-03-18 13:49:29,,,,,0.519707,0.028078,,,,,,,12.0,,,,,,1.0573,PASS,
582,combined_PI,evo_g000072_c4,2026-03-18 13:49:29,,,,,0.521959,0.028738,,,,,,,12.0,,,,,,1.0588,PASS,
579,combined_PI,evo_g000072_c1,2026-03-18 13:49:29,,,,,0.547367,0.027435,,,,,,,12.0,,,,,,1.059,PASS,
583,combined_PI,evo_g000072_c5,2026-03-18 13:49:29,,,,,0.516328,0.027664,,,,,,,12.0,,,,,,1.0583,PASS,
584,combined_PI,evo_g000072_c6,2026-03-18 13:49:29,,,,,0.530899,0.028015,,,,,,,12.0,,,,,,1.0596,PASS,
588,combined_PI,evo_g000073_c2,2026-03-18 13:49:32,,,,,0.547361,0.027776,,,,,,,12.0,,,,,,1.0599,PASS,
591,combined_PI,evo_g000073_c5,2026-03-18 13:49:32,,,,,0.5213,0.028366,,,,,,,12.0,,,,,,1.0585,PASS,
589,combined_PI,evo_g000073_c3,2026-03-18 13:49:32,,,,,0.512622,0.028591,,,,,,,12.0,,,,,,1.0585,PASS,
590,combined_PI,evo_g000073_c4,2026-03-18 13:49:32,,,,,0.517201,0.028466,,,,,,,12.0,,,,,,1.0582,PASS,
593,combined_PI,evo_g000073_c7,2026-03-18 13:49:32,,,,,0.53464,0.027386,,,,,,,12.0,,,,,,1.0586,PASS,
587,combined_PI,evo_g000073_c1,2026-03-18 13:49:32,,,,,0.510721,0.028179,,,,,,,12.0,,,,,,1.0574,PASS,
592,combined_PI,evo_g000073_c6,2026-03-18 13:49:32,,,,,0.524657,0.027921,,,,,,,12.0,,,,,,1.0586,PASS,
586,combined_PI,evo_g000073_c0,2026-03-18 13:49:32,,,,,0.525829,0.028267,,,,,,,12.0,,,,,,1.0577,PASS,
597,combined_PI,evo_g000074_c3,2026-03-18 13:49:35,,,,,0.528833,0.02814,,,,,,,12.0,,,,,,1.0586,PASS,
600,combined_PI,evo_g000074_c6,2026-03-18 13:49:35,,,,,0.497576,0.028334,,,,,,,12.0,,,,,,1.0576,PASS,
594,combined_PI,evo_g000074_c0,2026-03-18 13:49:35,,,,,0.526399,0.028955,,,,,,,12.0,,,,,,1.0596,PASS,
595,combined_PI,evo_g000074_c1,2026-03-18 13:49:35,,,,,0.519935,0.026594,,,,,,,12.0,,,,,,1.0584,PASS,
599,combined_PI,evo_g000074_c5,2026-03-18 13:49:35,,,,,0.534408,0.028308,,,,,,,12.0,,,,,,1.0598,PASS,
596,combined_PI,evo_g000074_c2,2026-03-18 13:49:35,,,,,0.535231,0.027598,,,,,,,12.0,,,,,,1.0583,PASS,
598,combined_PI,evo_g000074_c4,2026-03-18 13:49:35,,,,,0.540984,0.027455,,,,,,,12.0,,,,,,1.0588,PASS,
601,combined_PI,evo_g000074_c7,2026-03-18 13:49:35,,,,,0.540587,0.029081,,,,,,,12.0,,,,,,1.0594,PASS,
605,combined_PI,evo_g000075_c3,2026-03-18 13:49:38,,,,,0.535298,0.027228,,,,,,,12.0,,,,,,1.0582,PASS,
602,combined_PI,evo_g000075_c0,2026-03-18 13:49:38,,,,,0.535482,0.028188,,,,,,,12.0,,,,,,1.0597,PASS,
607,combined_PI,evo_g000075_c5,2026-03-18 13:49:38,,,,,0.499956,0.028417,,,,,,,12.0,,,,,,1.0576,PASS,
604,combined_PI,evo_g000075_c2,2026-03-18 13:49:38,,,,,0.524119,0.0287,,,,,,,12.0,,,,,,1.0574,PASS,
603,combined_PI,evo_g000075_c1,2026-03-18 13:49:38,,,,,0.527585,0.027464,,,,,,,12.0,,,,,,1.0584,PASS,
606,combined_PI,evo_g000075_c4,2026-03-18 13:49:38,,,,,0.538215,0.027974,,,,,,,12.0,,,,,,1.058,PASS,
608,combined_PI,evo_g000075_c6,2026-03-18 13:49:38,,,,,0.551036,0.028627,,,,,,,12.0,,,,,,1.0582,PASS,
609,combined_PI,evo_g000075_c7,2026-03-18 13:49:38,,,,,0.534373,0.027818,,,,,,,12.0,,,,,,1.0585,PASS,
610,combined_PI,evo_g000076_c0,2026-03-18 13:49:41,,,,,0.532301,0.028002,,,,,,,12.0,,,,,,1.0576,PASS,
611,combined_PI,evo_g000076_c1,2026-03-18 13:49:41,,,,,0.52281,0.028103,,,,,,,12.0,,,,,,1.0576,PASS,
614,combined_PI,evo_g000076_c4,2026-03-18 13:49:41,,,,,0.514222,0.02668,,,,,,,12.0,,,,,,1.0585,PASS,
613,combined_PI,evo_g000076_c3,2026-03-18 13:49:41,,,,,0.527088,0.027915,,,,,,,12.0,,,,,,1.0573,PASS,
612,combined_PI,evo_g000076_c2,2026-03-18 13:49:41,,,,,0.534139,0.028371,,,,,,,12.0,,,,,,1.0578,PASS,
617,combined_PI,evo_g000076_c7,2026-03-18 13:49:41,,,,,0.518149,0.027441,,,,,,,12.0,,,,,,1.0582,PASS,
615,combined_PI,evo_g000076_c5,2026-03-18 13:49:41,,,,,0.524041,0.027766,,,,,,,12.0,,,,,,1.0566,PASS,
616,combined_PI,evo_g000076_c6,2026-03-18 13:49:41,,,,,0.536088,0.027574,,,,,,,12.0,,,,,,1.0582,PASS,
625,combined_PI,evo_g000077_c7,2026-03-18 13:49:44,,,,,0.525423,0.026736,,,,,,,12.0,,,,,,1.0583,PASS,
622,combined_PI,evo_g000077_c4,2026-03-18 13:49:44,,,,,0.514637,0.026886,,,,,,,12.0,,,,,,1.058,PASS,
624,combined_PI,evo_g000077_c6,2026-03-18 13:49:44,,,,,0.529203,0.027154,,,,,,,12.0,,,,,,1.059,PASS,
623,combined_PI,evo_g000077_c5,2026-03-18 13:49:44,,,,,0.521136,0.028256,,,,,,,12.0,,,,,,1.0566,PASS,
619,combined_PI,evo_g000077_c1,2026-03-18 13:49:44,,,,,0.520929,0.028039,,,,,,,12.0,,,,,,1.059,PASS,
618,combined_PI,evo_g000077_c0,2026-03-18 13:49:44,,,,,0.521216,0.027974,,,,,,,12.0,,,,,,1.0588,PASS,
620,combined_PI,evo_g000077_c2,2026-03-18 13:49:44,,,,,0.538525,0.029079,,,,,,,12.0,,,,,,1.0589,PASS,
621,combined_PI,evo_g000077_c3,2026-03-18 13:49:44,,,,,0.502055,0.028004,,,,,,,12.0,,,,,,1.0585,PASS,
629,combined_PI,evo_g000078_c3,2026-03-18 13:49:47,,,,,0.539423,0.028926,,,,,,,12.0,,,,,,1.059,PASS,
627,combined_PI,evo_g000078_c1,2026-03-18 13:49:47,,,,,0.544588,0.0293,,,,,,,12.0,,,,,,1.0589,PASS,
632,combined_PI,evo_g000078_c6,2026-03-18 13:49:47,,,,,0.529242,0.028303,,,,,,,12.0,,,,,,1.058,PASS,
628,combined_PI,evo_g000078_c2,2026-03-18 13:49:47,,,,,0.528282,0.028717,,,,,,,12.0,,,,,,1.0593,PASS,
633,combined_PI,evo_g000078_c7,2026-03-18 13:49:47,,,,,0.559604,0.02775,,,,,,,12.0,,,,,,1.0599,PASS,
630,combined_PI,evo_g000078_c4,2026-03-18 13:49:47,,,,,0.519756,0.028903,,,,,,,12.0,,,,,,1.0579,PASS,
626,combined_PI,evo_g000078_c0,2026-03-18 13:49:47,,,,,0.525671,0.027316,,,,,,,12.0,,,,,,1.0586,PASS,
631,combined_PI,evo_g000078_c5,2026-03-18 13:49:47,,,,,0.535223,0.029129,,,,,,,12.0,,,,,,1.0585,PASS,
641,combined_PI,evo_g000079_c7,2026-03-18 13:49:50,,,,,0.53763,0.028401,,,,,,,12.0,,,,,,1.058,PASS,
637,combined_PI,evo_g000079_c3,2026-03-18 13:49:50,,,,,0.530389,0.028008,,,,,,,12.0,,,,,,1.058,PASS,
638,combined_PI,evo_g000079_c4,2026-03-18 13:49:50,,,,,0.519696,0.02733,,,,,,,12.0,,,,,,1.0582,PASS,
640,combined_PI,evo_g000079_c6,2026-03-18 13:49:50,,,,,0.536284,0.028296,,,,,,,12.0,,,,,,1.06,PASS,
639,combined_PI,evo_g000079_c5,2026-03-18 13:49:50,,,,,0.51147,0.027493,,,,,,,12.0,,,,,,1.0572,PASS,
636,combined_PI,evo_g000079_c2,2026-03-18 13:49:50,,,,,0.546046,0.028772,,,,,,,12.0,,,,,,1.0596,PASS,
634,combined_PI,evo_g000079_c0,2026-03-18 13:49:50,,,,,0.533609,0.027023,,,,,,,12.0,,,,,,1.0582,PASS,
635,combined_PI,evo_g000079_c1,2026-03-18 13:49:50,,,,,0.526904,0.027284,,,,,,,12.0,,,,,,1.058,PASS,
643,combined_PI,evo_g000080_c1,2026-03-18 13:49:52,,,,,0.513886,0.026911,,,,,,,12.0,,,,,,1.0574,PASS,
646,combined_PI,evo_g000080_c4,2026-03-18 13:49:52,,,,,0.535562,0.028192,,,,,,,12.0,,,,,,1.0556,PASS,
644,combined_PI,evo_g000080_c2,2026-03-18 13:49:52,,,,,0.522088,0.026329,,,,,,,12.0,,,,,,1.0568,PASS,
645,combined_PI,evo_g000080_c3,2026-03-18 13:49:52,,,,,0.518622,0.028882,,,,,,,12.0,,,,,,1.0577,PASS,
648,combined_PI,evo_g000080_c6,2026-03-18 13:49:52,,,,,0.512728,0.026422,,,,,,,12.0,,,,,,1.0576,PASS,
649,combined_PI,evo_g000080_c7,2026-03-18 13:49:52,,,,,0.534642,0.028781,,,,,,,12.0,,,,,,1.06,PASS,
642,combined_PI,evo_g000080_c0,2026-03-18 13:49:52,,,,,0.528834,0.028517,,,,,,,12.0,,,,,,1.0562,PASS,
647,combined_PI,evo_g000080_c5,2026-03-18 13:49:53,,,,,0.532361,0.027817,,,,,,,12.0,,,,,,1.059,PASS,
652,combined_PI,evo_g000081_c2,2026-03-18 13:49:55,,,,,0.534851,0.02788,,,,,,,12.0,,,,,,1.0589,PASS,
656,combined_PI,evo_g000081_c6,2026-03-18 13:49:55,,,,,0.534097,0.02789,,,,,,,12.0,,,,,,1.0588,PASS,
655,combined_PI,evo_g000081_c5,2026-03-18 13:49:55,,,,,0.535682,0.028257,,,,,,,12.0,,,,,,1.0578,PASS,
653,combined_PI,evo_g000081_c3,2026-03-18 13:49:55,,,,,0.536578,0.026519,,,,,,,12.0,,,,,,1.0585,PASS,
650,combined_PI,evo_g000081_c0,2026-03-18 13:49:55,,,,,0.514859,0.028982,,,,,,,12.0,,,,,,1.0575,PASS,
654,combined_PI,evo_g000081_c4,2026-03-18 13:49:55,,,,,0.514611,0.027825,,,,,,,12.0,,,,,,1.0565,PASS,
657,combined_PI,evo_g000081_c7,2026-03-18 13:49:55,,,,,0.547419,0.027721,,,,,,,12.0,,,,,,1.0596,PASS,
651,combined_PI,evo_g000081_c1,2026-03-18 13:49:55,,,,,0.528482,0.026927,,,,,,,12.0,,,,,,1.0582,PASS,
662,combined_PI,evo_g000082_c4,2026-03-18 13:49:58,,,,,0.557372,0.02778,,,,,,,12.0,,,,,,1.0608,PASS,
663,combined_PI,evo_g000082_c5,2026-03-18 13:49:58,,,,,0.525024,0.027861,,,,,,,12.0,,,,,,1.0558,PASS,
664,combined_PI,evo_g000082_c6,2026-03-18 13:49:58,,,,,0.544293,0.0282,,,,,,,12.0,,,,,,1.0598,PASS,
660,combined_PI,evo_g000082_c2,2026-03-18 13:49:58,,,,,0.547813,0.027742,,,,,,,12.0,,,,,,1.0619,PASS,
661,combined_PI,evo_g000082_c3,2026-03-18 13:49:58,,,,,0.548952,0.028159,,,,,,,12.0,,,,,,1.0609,PASS,
658,combined_PI,evo_g000082_c0,2026-03-18 13:49:58,,,,,0.52764,0.027015,,,,,,,12.0,,,,,,1.0592,PASS,
659,combined_PI,evo_g000082_c1,2026-03-18 13:49:58,,,,,0.531278,0.027547,,,,,,,12.0,,,,,,1.0578,PASS,
665,combined_PI,evo_g000082_c7,2026-03-18 13:49:58,,,,,0.541029,0.02779,,,,,,,12.0,,,,,,1.0589,PASS,
671,combined_PI,evo_g000083_c5,2026-03-18 13:50:00,,,,,0.53547,0.027802,,,,,,,12.0,,,,,,1.0586,PASS,
670,combined_PI,evo_g000083_c4,2026-03-18 13:50:01,,,,,0.542304,0.028501,,,,,,,12.0,,,,,,1.0585,PASS,
666,combined_PI,evo_g000083_c0,2026-03-18 13:50:01,,,,,0.549393,0.027605,,,,,,,12.0,,,,,,1.059,PASS,
672,combined_PI,evo_g000083_c6,2026-03-18 13:50:01,,,,,0.529182,0.027849,,,,,,,12.0,,,,,,1.059,PASS,
668,combined_PI,evo_g000083_c2,2026-03-18 13:50:01,,,,,0.533091,0.029136,,,,,,,12.0,,,,,,1.0591,PASS,
667,combined_PI,evo_g000083_c1,2026-03-18 13:50:01,,,,,0.555405,0.028279,,,,,,,12.0,,,,,,1.0596,PASS,
673,combined_PI,evo_g000083_c7,2026-03-18 13:50:01,,,,,0.538346,0.027407,,,,,,,12.0,,,,,,1.0596,PASS,
669,combined_PI,evo_g000083_c3,2026-03-18 13:50:01,,,,,0.505417,0.028288,,,,,,,12.0,,,,,,1.057,PASS,
678,combined_PI,evo_g000084_c4,2026-03-18 13:50:03,,,,,0.534548,0.029373,,,,,,,12.0,,,,,,1.0582,PASS,
677,combined_PI,evo_g000084_c3,2026-03-18 13:50:03,,,,,0.533254,0.02871,,,,,,,12.0,,,,,,1.0574,PASS,
675,combined_PI,evo_g000084_c1,2026-03-18 13:50:03,,,,,0.544492,0.028315,,,,,,,12.0,,,,,,1.058,PASS,
680,combined_PI,evo_g000084_c6,2026-03-18 13:50:03,,,,,0.530319,0.028219,,,,,,,12.0,,,,,,1.0578,PASS,
676,combined_PI,evo_g000084_c2,2026-03-18 13:50:03,,,,,0.544419,0.028971,,,,,,,12.0,,,,,,1.0594,PASS,
679,combined_PI,evo_g000084_c5,2026-03-18 13:50:03,,,,,0.533111,0.028545,,,,,,,12.0,,,,,,1.0581,PASS,
674,combined_PI,evo_g000084_c0,2026-03-18 13:50:03,,,,,0.520765,0.028781,,,,,,,12.0,,,,,,1.0578,PASS,
681,combined_PI,evo_g000084_c7,2026-03-18 13:50:03,,,,,0.537207,0.028307,,,,,,,12.0,,,,,,1.058,PASS,
684,combined_PI,evo_g000085_c2,2026-03-18 13:50:06,,,,,0.540847,0.028015,,,,,,,12.0,,,,,,1.0593,PASS,
683,combined_PI,evo_g000085_c1,2026-03-18 13:50:06,,,,,0.546685,0.028219,,,,,,,12.0,,,,,,1.0597,PASS,
689,combined_PI,evo_g000085_c7,2026-03-18 13:50:06,,,,,0.526081,0.027419,,,,,,,12.0,,,,,,1.0577,PASS,
686,combined_PI,evo_g000085_c4,2026-03-18 13:50:06,,,,,0.522522,0.02769,,,,,,,12.0,,,,,,1.0583,PASS,
687,combined_PI,evo_g000085_c5,2026-03-18 13:50:06,,,,,0.537051,0.027376,,,,,,,12.0,,,,,,1.0579,PASS,
685,combined_PI,evo_g000085_c3,2026-03-18 13:50:06,,,,,0.531409,0.02788,,,,,,,12.0,,,,,,1.058,PASS,
688,combined_PI,evo_g000085_c6,2026-03-18 13:50:06,,,,,0.53091,0.028582,,,,,,,12.0,,,,,,1.0586,PASS,
682,combined_PI,evo_g000085_c0,2026-03-18 13:50:06,,,,,0.51618,0.027408,,,,,,,12.0,,,,,,1.0588,PASS,
690,combined_PI,evo_g000086_c0,2026-03-18 13:50:09,,,,,0.55338,0.02789,,,,,,,12.0,,,,,,1.0583,PASS,
696,combined_PI,evo_g000086_c6,2026-03-18 13:50:09,,,,,0.530656,0.028989,,,,,,,12.0,,,,,,1.0577,PASS,
693,combined_PI,evo_g000086_c3,2026-03-18 13:50:09,,,,,0.533724,0.02785,,,,,,,12.0,,,,,,1.0592,PASS,
697,combined_PI,evo_g000086_c7,2026-03-18 13:50:09,,,,,0.531479,0.027677,,,,,,,12.0,,,,,,1.0586,PASS,
694,combined_PI,evo_g000086_c4,2026-03-18 13:50:09,,,,,0.538307,0.028096,,,,,,,12.0,,,,,,1.0593,PASS,
695,combined_PI,evo_g000086_c5,2026-03-18 13:50:09,,,,,0.542263,0.028183,,,,,,,12.0,,,,,,1.0596,PASS,
692,combined_PI,evo_g000086_c2,2026-03-18 13:50:09,,,,,0.53471,0.028409,,,,,,,12.0,,,,,,1.0587,PASS,
691,combined_PI,evo_g000086_c1,2026-03-18 13:50:09,,,,,0.553747,0.026817,,,,,,,12.0,,,,,,1.0598,PASS,
699,combined_PI,evo_g000087_c1,2026-03-18 13:50:11,,,,,0.533403,0.027668,,,,,,,12.0,,,,,,1.059,PASS,
701,combined_PI,evo_g000087_c3,2026-03-18 13:50:11,,,,,0.536171,0.027982,,,,,,,12.0,,,,,,1.0587,PASS,
704,combined_PI,evo_g000087_c6,2026-03-18 13:50:11,,,,,0.499794,0.026957,,,,,,,12.0,,,,,,1.0584,PASS,
700,combined_PI,evo_g000087_c2,2026-03-18 13:50:11,,,,,0.519025,0.027921,,,,,,,12.0,,,,,,1.0576,PASS,
703,combined_PI,evo_g000087_c5,2026-03-18 13:50:11,,,,,0.524599,0.029081,,,,,,,12.0,,,,,,1.0581,PASS,
705,combined_PI,evo_g000087_c7,2026-03-18 13:50:12,,,,,0.529711,0.028105,,,,,,,12.0,,,,,,1.058,PASS,
698,combined_PI,evo_g000087_c0,2026-03-18 13:50:12,,,,,0.529218,0.026946,,,,,,,12.0,,,,,,1.0583,PASS,
702,combined_PI,evo_g000087_c4,2026-03-18 13:50:12,,,,,0.534737,0.026767,,,,,,,12.0,,,,,,1.0587,PASS,
713,combined_PI,evo_g000088_c7,2026-03-18 13:50:14,,,,,0.516276,0.028796,,,,,,,12.0,,,,,,1.0572,PASS,
710,combined_PI,evo_g000088_c4,2026-03-18 13:50:14,,,,,0.53262,0.028805,,,,,,,12.0,,,,,,1.0574,PASS,
708,combined_PI,evo_g000088_c2,2026-03-18 13:50:14,,,,,0.524673,0.028251,,,,,,,12.0,,,,,,1.0577,PASS,
709,combined_PI,evo_g000088_c3,2026-03-18 13:50:14,,,,,0.531379,0.027651,,,,,,,12.0,,,,,,1.0589,PASS,
707,combined_PI,evo_g000088_c1,2026-03-18 13:50:14,,,,,0.522636,0.027857,,,,,,,12.0,,,,,,1.0588,PASS,
706,combined_PI,evo_g000088_c0,2026-03-18 13:50:14,,,,,0.538968,0.02752,,,,,,,12.0,,,,,,1.0589,PASS,
712,combined_PI,evo_g000088_c6,2026-03-18 13:50:14,,,,,0.535558,0.028947,,,,,,,12.0,,,,,,1.0587,PASS,
711,combined_PI,evo_g000088_c5,2026-03-18 13:50:14,,,,,0.554697,0.028164,,,,,,,12.0,,,,,,1.06,PASS,
718,combined_PI,evo_g000089_c4,2026-03-18 13:50:17,,,,,0.527728,0.028074,,,,,,,12.0,,,,,,1.0584,PASS,
717,combined_PI,evo_g000089_c3,2026-03-18 13:50:17,,,,,0.532204,0.027558,,,,,,,12.0,,,,,,1.059,PASS,
716,combined_PI,evo_g000089_c2,2026-03-18 13:50:17,,,,,0.536813,0.028417,,,,,,,12.0,,,,,,1.0574,PASS,
720,combined_PI,evo_g000089_c6,2026-03-18 13:50:17,,,,,0.548003,0.027913,,,,,,,12.0,,,,,,1.0594,PASS,
715,combined_PI,evo_g000089_c1,2026-03-18 13:50:17,,,,,0.510891,0.029856,,,,,,,12.0,,,,,,1.0567,PASS,
719,combined_PI,evo_g000089_c5,2026-03-18 13:50:17,,,,,0.541446,0.02687,,,,,,,12.0,,,,,,1.0592,PASS,
714,combined_PI,evo_g000089_c0,2026-03-18 13:50:17,,,,,0.527121,0.027109,,,,,,,12.0,,,,,,1.0582,PASS,
721,combined_PI,evo_g000089_c7,2026-03-18 13:50:17,,,,,0.547588,0.029087,,,,,,,12.0,,,,,,1.0603,PASS,
726,combined_PI,evo_g000090_c4,2026-03-18 13:50:19,,,,,0.530865,0.028254,,,,,,,12.0,,,,,,1.0578,PASS,
723,combined_PI,evo_g000090_c1,2026-03-18 13:50:19,,,,,0.524417,0.028785,,,,,,,12.0,,,,,,1.0585,PASS,
729,combined_PI,evo_g000090_c7,2026-03-18 13:50:19,,,,,0.530674,0.02769,,,,,,,12.0,,,,,,1.0564,PASS,
727,combined_PI,evo_g000090_c5,2026-03-18 13:50:19,,,,,0.527396,0.026858,,,,,,,12.0,,,,,,1.0587,PASS,
722,combined_PI,evo_g000090_c0,2026-03-18 13:50:19,,,,,0.554909,0.028229,,,,,,,12.0,,,,,,1.0586,PASS,
728,combined_PI,evo_g000090_c6,2026-03-18 13:50:20,,,,,0.541165,0.028611,,,,,,,12.0,,,,,,1.0605,PASS,
725,combined_PI,evo_g000090_c3,2026-03-18 13:50:20,,,,,0.538038,0.029083,,,,,,,12.0,,,,,,1.0594,PASS,
724,combined_PI,evo_g000090_c2,2026-03-18 13:50:20,,,,,0.552929,0.027781,,,,,,,12.0,,,,,,1.0601,PASS,
735,combined_PI,evo_g000091_c5,2026-03-18 13:50:22,,,,,0.534662,0.027879,,,,,,,12.0,,,,,,1.0577,PASS,
736,combined_PI,evo_g000091_c6,2026-03-18 13:50:22,,,,,0.546003,0.028607,,,,,,,12.0,,,,,,1.0593,PASS,
731,combined_PI,evo_g000091_c1,2026-03-18 13:50:22,,,,,0.553748,0.028667,,,,,,,12.0,,,,,,1.06,PASS,
733,combined_PI,evo_g000091_c3,2026-03-18 13:50:22,,,,,0.515496,0.027217,,,,,,,12.0,,,,,,1.0571,PASS,
730,combined_PI,evo_g000091_c0,2026-03-18 13:50:22,,,,,0.521483,0.027697,,,,,,,12.0,,,,,,1.0576,PASS,
734,combined_PI,evo_g000091_c4,2026-03-18 13:50:22,,,,,0.538392,0.027822,,,,,,,12.0,,,,,,1.0586,PASS,
732,combined_PI,evo_g000091_c2,2026-03-18 13:50:22,,,,,0.530212,0.027228,,,,,,,12.0,,,,,,1.0594,PASS,
737,combined_PI,evo_g000091_c7,2026-03-18 13:50:22,,,,,0.522645,0.027774,,,,,,,12.0,,,,,,1.0564,PASS,
744,combined_PI,evo_g000092_c6,2026-03-18 13:50:25,,,,,0.538311,0.02799,,,,,,,12.0,,,,,,1.0587,PASS,
738,combined_PI,evo_g000092_c0,2026-03-18 13:50:25,,,,,0.519909,0.028107,,,,,,,12.0,,,,,,1.057,PASS,
742,combined_PI,evo_g000092_c4,2026-03-18 13:50:25,,,,,0.541748,0.027931,,,,,,,12.0,,,,,,1.0591,PASS,
741,combined_PI,evo_g000092_c3,2026-03-18 13:50:25,,,,,0.559007,0.028281,,,,,,,12.0,,,,,,1.0615,PASS,
745,combined_PI,evo_g000092_c7,2026-03-18 13:50:25,,,,,0.511332,0.028423,,,,,,,12.0,,,,,,1.0565,PASS,
739,combined_PI,evo_g000092_c1,2026-03-18 13:50:25,,,,,0.533567,0.029344,,,,,,,12.0,,,,,,1.058,PASS,
740,combined_PI,evo_g000092_c2,2026-03-18 13:50:25,,,,,0.536333,0.029325,,,,,,,12.0,,,,,,1.0568,PASS,
743,combined_PI,evo_g000092_c5,2026-03-18 13:50:25,,,,,0.550386,0.027368,,,,,,,12.0,,,,,,1.0604,PASS,
747,combined_PI,evo_g000093_c1,2026-03-18 13:50:28,,,,,0.54736,0.028706,,,,,,,12.0,,,,,,1.0596,PASS,
748,combined_PI,evo_g000093_c2,2026-03-18 13:50:28,,,,,0.541377,0.02727,,,,,,,12.0,,,,,,1.0588,PASS,
751,combined_PI,evo_g000093_c5,2026-03-18 13:50:28,,,,,0.51384,0.028577,,,,,,,12.0,,,,,,1.0581,PASS,
752,combined_PI,evo_g000093_c6,2026-03-18 13:50:28,,,,,0.531924,0.028249,,,,,,,12.0,,,,,,1.058,PASS,
749,combined_PI,evo_g000093_c3,2026-03-18 13:50:28,,,,,0.55186,0.026911,,,,,,,12.0,,,,,,1.0597,PASS,
753,combined_PI,evo_g000093_c7,2026-03-18 13:50:28,,,,,0.532397,0.028115,,,,,,,12.0,,,,,,1.0574,PASS,
746,combined_PI,evo_g000093_c0,2026-03-18 13:50:28,,,,,0.545066,0.026755,,,,,,,12.0,,,,,,1.06,PASS,
750,combined_PI,evo_g000093_c4,2026-03-18 13:50:28,,,,,0.54875,0.029175,,,,,,,12.0,,,,,,1.0593,PASS,
754,combined_PI,evo_g000094_c0,2026-03-18 13:50:31,,,,,0.549535,0.027964,,,,,,,12.0,,,,,,1.0586,PASS,
755,combined_PI,evo_g000094_c1,2026-03-18 13:50:31,,,,,0.551997,0.027825,,,,,,,12.0,,,,,,1.0602,PASS,
756,combined_PI,evo_g000094_c2,2026-03-18 13:50:31,,,,,0.54611,0.029176,,,,,,,12.0,,,,,,1.0597,PASS,
760,combined_PI,evo_g000094_c6,2026-03-18 13:50:31,,,,,0.565426,0.028701,,,,,,,12.0,,,,,,1.0625,PASS,
759,combined_PI,evo_g000094_c5,2026-03-18 13:50:31,,,,,0.531116,0.028622,,,,,,,12.0,,,,,,1.0589,PASS,
761,combined_PI,evo_g000094_c7,2026-03-18 13:50:31,,,,,0.53341,0.028273,,,,,,,12.0,,,,,,1.0577,PASS,
757,combined_PI,evo_g000094_c3,2026-03-18 13:50:31,,,,,0.525801,0.028229,,,,,,,12.0,,,,,,1.0586,PASS,
758,combined_PI,evo_g000094_c4,2026-03-18 13:50:31,,,,,0.538769,0.028107,,,,,,,12.0,,,,,,1.0586,PASS,
762,combined_PI,evo_g000095_c0,2026-03-18 13:50:34,,,,,0.540229,0.028172,,,,,,,12.0,,,,,,1.0607,PASS,
769,combined_PI,evo_g000095_c7,2026-03-18 13:50:34,,,,,0.52455,0.027235,,,,,,,12.0,,,,,,1.0589,PASS,
767,combined_PI,evo_g000095_c5,2026-03-18 13:50:34,,,,,0.526719,0.028422,,,,,,,12.0,,,,,,1.0576,PASS,
768,combined_PI,evo_g000095_c6,2026-03-18 13:50:34,,,,,0.553243,0.029003,,,,,,,12.0,,,,,,1.0598,PASS,
765,combined_PI,evo_g000095_c3,2026-03-18 13:50:34,,,,,0.539517,0.027945,,,,,,,12.0,,,,,,1.0588,PASS,
764,combined_PI,evo_g000095_c2,2026-03-18 13:50:34,,,,,0.543045,0.028007,,,,,,,12.0,,,,,,1.0591,PASS,
763,combined_PI,evo_g000095_c1,2026-03-18 13:50:34,,,,,0.533074,0.028523,,,,,,,12.0,,,,,,1.0593,PASS,
766,combined_PI,evo_g000095_c4,2026-03-18 13:50:34,,,,,0.524527,0.027068,,,,,,,12.0,,,,,,1.058,PASS,
773,combined_PI,evo_g000096_c3,2026-03-18 13:50:36,,,,,0.537853,0.028728,,,,,,,12.0,,,,,,1.0572,PASS,
775,combined_PI,evo_g000096_c5,2026-03-18 13:50:36,,,,,0.553912,0.028731,,,,,,,12.0,,,,,,1.0607,PASS,
777,combined_PI,evo_g000096_c7,2026-03-18 13:50:37,,,,,0.522121,0.027788,,,,,,,12.0,,,,,,1.0586,PASS,
774,combined_PI,evo_g000096_c4,2026-03-18 13:50:37,,,,,0.537837,0.028257,,,,,,,12.0,,,,,,1.0602,PASS,
776,combined_PI,evo_g000096_c6,2026-03-18 13:50:37,,,,,0.532302,0.028036,,,,,,,12.0,,,,,,1.0592,PASS,
770,combined_PI,evo_g000096_c0,2026-03-18 13:50:37,,,,,0.532871,0.028446,,,,,,,12.0,,,,,,1.0584,PASS,
772,combined_PI,evo_g000096_c2,2026-03-18 13:50:37,,,,,0.530564,0.027779,,,,,,,12.0,,,,,,1.06,PASS,
771,combined_PI,evo_g000096_c1,2026-03-18 13:50:37,,,,,0.535347,0.027268,,,,,,,12.0,,,,,,1.0595,PASS,
782,combined_PI,evo_g000097_c4,2026-03-18 13:50:39,,,,,0.548007,0.029101,,,,,,,12.0,,,,,,1.0586,PASS,
778,combined_PI,evo_g000097_c0,2026-03-18 13:50:39,,,,,0.520007,0.028948,,,,,,,12.0,,,,,,1.0576,PASS,
785,combined_PI,evo_g000097_c7,2026-03-18 13:50:39,,,,,0.544109,0.02836,,,,,,,12.0,,,,,,1.0589,PASS,
780,combined_PI,evo_g000097_c2,2026-03-18 13:50:39,,,,,0.543408,0.029702,,,,,,,12.0,,,,,,1.0597,PASS,
781,combined_PI,evo_g000097_c3,2026-03-18 13:50:40,,,,,0.518131,0.027943,,,,,,,12.0,,,,,,1.0581,PASS,
783,combined_PI,evo_g000097_c5,2026-03-18 13:50:40,,,,,0.525114,0.028756,,,,,,,12.0,,,,,,1.0578,PASS,
779,combined_PI,evo_g000097_c1,2026-03-18 13:50:40,,,,,0.521542,0.026599,,,,,,,12.0,,,,,,1.058,PASS,
784,combined_PI,evo_g000097_c6,2026-03-18 13:50:40,,,,,0.527698,0.027551,,,,,,,12.0,,,,,,1.0583,PASS,
787,combined_PI,evo_g000098_c1,2026-03-18 13:50:42,,,,,0.53107,0.028511,,,,,,,12.0,,,,,,1.0592,PASS,
789,combined_PI,evo_g000098_c3,2026-03-18 13:50:42,,,,,0.541788,0.027995,,,,,,,12.0,,,,,,1.0594,PASS,
791,combined_PI,evo_g000098_c5,2026-03-18 13:50:42,,,,,0.536115,0.0275,,,,,,,12.0,,,,,,1.057,PASS,
792,combined_PI,evo_g000098_c6,2026-03-18 13:50:42,,,,,0.522493,0.028191,,,,,,,12.0,,,,,,1.059,PASS,
790,combined_PI,evo_g000098_c4,2026-03-18 13:50:42,,,,,0.5488,0.028243,,,,,,,12.0,,,,,,1.0605,PASS,
788,combined_PI,evo_g000098_c2,2026-03-18 13:50:42,,,,,0.55413,0.027674,,,,,,,12.0,,,,,,1.0612,PASS,
786,combined_PI,evo_g000098_c0,2026-03-18 13:50:42,,,,,0.521492,0.028543,,,,,,,12.0,,,,,,1.0592,PASS,
793,combined_PI,evo_g000098_c7,2026-03-18 13:50:42,,,,,0.522384,0.02651,,,,,,,12.0,,,,,,1.0594,PASS,
799,combined_PI,evo_g000099_c5,2026-03-18 13:50:45,,,,,0.534502,0.027219,,,,,,,12.0,,,,,,1.0591,PASS,
797,combined_PI,evo_g000099_c3,2026-03-18 13:50:45,,,,,0.527757,0.029323,,,,,,,12.0,,,,,,1.057,PASS,
794,combined_PI,evo_g000099_c0,2026-03-18 13:50:45,,,,,0.520784,0.02848,,,,,,,12.0,,,,,,1.0572,PASS,
796,combined_PI,evo_g000099_c2,2026-03-18 13:50:45,,,,,0.530106,0.027709,,,,,,,12.0,,,,,,1.0586,PASS,
798,combined_PI,evo_g000099_c4,2026-03-18 13:50:45,,,,,0.519223,0.027502,,,,,,,12.0,,,,,,1.0585,PASS,
800,combined_PI,evo_g000099_c6,2026-03-18 13:50:45,,,,,0.540891,0.029517,,,,,,,12.0,,,,,,1.0594,PASS,
795,combined_PI,evo_g000099_c1,2026-03-18 13:50:45,,,,,0.527077,0.028548,,,,,,,12.0,,,,,,1.0588,PASS,
801,combined_PI,evo_g000099_c7,2026-03-18 13:50:45,,,,,0.532381,0.028726,,,,,,,12.0,,,,,,1.0592,PASS,
808,combined_PI,evo_g000100_c6,2026-03-18 13:50:47,,,,,0.532028,0.028429,,,,,,,12.0,,,,,,1.059,PASS,
802,combined_PI,evo_g000100_c0,2026-03-18 13:50:47,,,,,0.532939,0.028819,,,,,,,12.0,,,,,,1.059,PASS,
807,combined_PI,evo_g000100_c5,2026-03-18 13:50:47,,,,,0.54046,0.0274,,,,,,,12.0,,,,,,1.0578,PASS,
805,combined_PI,evo_g000100_c3,2026-03-18 13:50:47,,,,,0.53703,0.02874,,,,,,,12.0,,,,,,1.0585,PASS,
809,combined_PI,evo_g000100_c7,2026-03-18 13:50:47,,,,,0.52918,0.028478,,,,,,,12.0,,,,,,1.0579,PASS,
803,combined_PI,evo_g000100_c1,2026-03-18 13:50:47,,,,,0.524456,0.028516,,,,,,,12.0,,,,,,1.0568,PASS,
804,combined_PI,evo_g000100_c2,2026-03-18 13:50:47,,,,,0.538631,0.027881,,,,,,,12.0,,,,,,1.059,PASS,
806,combined_PI,evo_g000100_c4,2026-03-18 13:50:47,,,,,0.556808,0.02813,,,,,,,12.0,,,,,,1.0594,PASS,
814,combined_PI,evo_g000101_c4,2026-03-18 13:50:50,,,,,0.541134,0.027941,,,,,,,12.0,,,,,,1.0578,PASS,
813,combined_PI,evo_g000101_c3,2026-03-18 13:50:50,,,,,0.528859,0.028481,,,,,,,12.0,,,,,,1.0592,PASS,
816,combined_PI,evo_g000101_c6,2026-03-18 13:50:50,,,,,0.532695,0.028045,,,,,,,12.0,,,,,,1.0582,PASS,
810,combined_PI,evo_g000101_c0,2026-03-18 13:50:50,,,,,0.539776,0.028881,,,,,,,12.0,,,,,,1.0562,PASS,
811,combined_PI,evo_g000101_c1,2026-03-18 13:50:50,,,,,0.538983,0.02707,,,,,,,12.0,,,,,,1.059,PASS,
817,combined_PI,evo_g000101_c7,2026-03-18 13:50:50,,,,,0.529448,0.027544,,,,,,,12.0,,,,,,1.058,PASS,
812,combined_PI,evo_g000101_c2,2026-03-18 13:50:50,,,,,0.519276,0.027355,,,,,,,12.0,,,,,,1.0576,PASS,
815,combined_PI,evo_g000101_c5,2026-03-18 13:50:50,,,,,0.533411,0.028924,,,,,,,12.0,,,,,,1.0594,PASS,
820,combined_PI,evo_g000102_c2,2026-03-18 13:50:53,,,,,0.520398,0.027593,,,,,,,12.0,,,,,,1.0582,PASS,
824,combined_PI,evo_g000102_c6,2026-03-18 13:50:53,,,,,0.523732,0.029866,,,,,,,12.0,,,,,,1.0577,PASS,
821,combined_PI,evo_g000102_c3,2026-03-18 13:50:53,,,,,0.534421,0.028423,,,,,,,12.0,,,,,,1.0574,PASS,
822,combined_PI,evo_g000102_c4,2026-03-18 13:50:53,,,,,0.540825,0.028828,,,,,,,12.0,,,,,,1.0588,PASS,
823,combined_PI,evo_g000102_c5,2026-03-18 13:50:53,,,,,0.543163,0.028395,,,,,,,12.0,,,,,,1.0573,PASS,
818,combined_PI,evo_g000102_c0,2026-03-18 13:50:53,,,,,0.529707,0.02891,,,,,,,12.0,,,,,,1.0588,PASS,
825,combined_PI,evo_g000102_c7,2026-03-18 13:50:53,,,,,0.525295,0.028643,,,,,,,12.0,,,,,,1.0576,PASS,
819,combined_PI,evo_g000102_c1,2026-03-18 13:50:53,,,,,0.533799,0.028225,,,,,,,12.0,,,,,,1.0588,PASS,
